/*
 Navicat Premium Data Transfer

 Source Server         : localhost
 Source Server Type    : MySQL
 Source Server Version : 50722
 Source Host           : localhost:3306
 Source Schema         : lunxian-gen

 Target Server Type    : MySQL
 Target Server Version : 50722
 File Encoding         : 65001

 Date: 09/10/2018 09:43:43
*/

SET NAMES utf8mb4;
SET FOREIGN_KEY_CHECKS = 0;

-- ----------------------------
-- Table structure for t_code_dbinfo
-- ----------------------------
DROP TABLE IF EXISTS `t_code_dbinfo`;
CREATE TABLE `t_code_dbinfo`  (
  `ID` int(10) NOT NULL AUTO_INCREMENT,
  `ALIAS` varchar(20) CHARACTER SET utf8 COLLATE utf8_general_ci NULL DEFAULT NULL COMMENT '别名',
  `DB_DRIVER` varchar(100) CHARACTER SET utf8 COLLATE utf8_general_ci NOT NULL COMMENT '数据库驱动',
  `DB_URL` varchar(200) CHARACTER SET utf8 COLLATE utf8_general_ci NOT NULL COMMENT '数据库地址',
  `DB_USER_NAME` varchar(100) CHARACTER SET utf8 COLLATE utf8_general_ci NOT NULL COMMENT '数据库账户',
  `DB_PASSWORD` varchar(100) CHARACTER SET utf8 COLLATE utf8_general_ci NOT NULL COMMENT '连接密码',
  `USER_ID` varchar(32) CHARACTER SET utf8 COLLATE utf8_general_ci NULL DEFAULT NULL,
  `DB_TYPE` varchar(10) CHARACTER SET utf8 COLLATE utf8_general_ci NULL DEFAULT NULL COMMENT '数据库类型',
  `CRT_USER_ID` varchar(16) CHARACTER SET utf8 COLLATE utf8_general_ci NULL DEFAULT NULL COMMENT '创建人',
  `CRT_TIME` datetime(0) NULL DEFAULT NULL COMMENT '创建时间',
  `MDF_USER_ID` varchar(16) CHARACTER SET utf8 COLLATE utf8_general_ci NULL DEFAULT NULL COMMENT '修改人',
  `MDF_TIME` datetime(0) NULL DEFAULT NULL COMMENT '修改时间',
  PRIMARY KEY (`ID`) USING BTREE
) ENGINE = InnoDB AUTO_INCREMENT = 9 CHARACTER SET = utf8 COLLATE = utf8_general_ci COMMENT = '数据库链接信息' ROW_FORMAT = Compact;

-- ----------------------------
-- Records of t_code_dbinfo
-- ----------------------------
INSERT INTO `t_code_dbinfo` VALUES (7, 'creatsort-generator', 'com.mysql.jdbc.Driver', 'jdbc:mysql://127.0.0.1:3306/creatsort-generator?autoReconnect=true&useUnicode=true&characterEncoding=utf8&zeroDateTimeBehavior=convertToNull', 'root', '1234', '1', 'mysql', '1', '2018-05-25 10:11:10', NULL, '2018-06-04 14:41:32');
INSERT INTO `t_code_dbinfo` VALUES (8, 'test', 'com.mysql.jdbc.Driver', 'jdbc:mysql://127.0.0.1:3306/test?autoReconnect=true&useUnicode=true&characterEncoding=utf8&zeroDateTimeBehavior=convertToNull', 'root', '1234', '1', 'mysql', '1', '2018-05-25 10:11:10', NULL, '2018-05-28 14:15:13');

-- ----------------------------
-- Table structure for t_code_gen_params
-- ----------------------------
DROP TABLE IF EXISTS `t_code_gen_params`;
CREATE TABLE `t_code_gen_params`  (
  `id` int(10) NOT NULL AUTO_INCREMENT,
  `ALIAS` varchar(20) CHARACTER SET utf8 COLLATE utf8_general_ci NULL DEFAULT NULL COMMENT '别名',
  `author` varchar(20) CHARACTER SET utf8 COLLATE utf8_general_ci NOT NULL COMMENT '作者',
  `code_package` varchar(100) CHARACTER SET utf8 COLLATE utf8_general_ci NOT NULL COMMENT 'code 包',
  `xml_package` varchar(100) CHARACTER SET utf8 COLLATE utf8_general_ci NULL DEFAULT NULL COMMENT 'xml 路径',
  `js_package` varchar(100) CHARACTER SET utf8 COLLATE utf8_general_ci NULL DEFAULT NULL COMMENT 'js 目录',
  `html_package` varchar(100) CHARACTER SET utf8 COLLATE utf8_general_ci NULL DEFAULT NULL COMMENT 'html 目录',
  `local_path` varchar(100) CHARACTER SET utf8 COLLATE utf8_general_ci NULL DEFAULT NULL COMMENT '本地路径',
  `encoded` varchar(10) CHARACTER SET utf8 COLLATE utf8_general_ci NULL DEFAULT NULL COMMENT '编码',
  `copyright` varchar(2000) CHARACTER SET utf8 COLLATE utf8_general_ci NULL DEFAULT NULL COMMENT '版权信息',
  `user_id` int(10) NOT NULL,
  `CRT_USER_ID` int(16) NULL DEFAULT NULL COMMENT '创建人',
  `CRT_TIME` datetime(0) NULL DEFAULT NULL COMMENT '创建时间',
  `MDF_USER_ID` int(16) NULL DEFAULT NULL COMMENT '修改人',
  `MDF_TIME` datetime(0) NULL DEFAULT NULL COMMENT '修改时间',
  PRIMARY KEY (`id`) USING BTREE
) ENGINE = InnoDB AUTO_INCREMENT = 9 CHARACTER SET = utf8 COLLATE = utf8_general_ci COMMENT = '生成参数' ROW_FORMAT = Compact;

-- ----------------------------
-- Records of t_code_gen_params
-- ----------------------------
INSERT INTO `t_code_gen_params` VALUES (7, 'lemur-gen', 'lihangyu', 'cn.afterturn.gen.modular.code', 'MET-INF.mapping', 'static.modular.code', 'WEB-INF.view.modular.code', 'D:\\mySpace\\lemur\\lemur-generation\\gen-admin\\src\\main', 'UTF-8', NULL, 0, 1, '2017-09-13 11:18:31', 1, '2017-10-27 09:18:57');
INSERT INTO `t_code_gen_params` VALUES (8, 'review-rest', 'JueYue', 'cn.allisone.review.rest.modular.review', '', '', '', '', 'UTF-8', NULL, 1, 1, '2017-10-12 09:40:26', NULL, NULL);

-- ----------------------------
-- Table structure for t_code_table_field
-- ----------------------------
DROP TABLE IF EXISTS `t_code_table_field`;
CREATE TABLE `t_code_table_field`  (
  `id` int(10) UNSIGNED NOT NULL AUTO_INCREMENT,
  `table_id` int(10) NOT NULL COMMENT '关联表ID',
  `field_name` varchar(100) CHARACTER SET utf8 COLLATE utf8_general_ci NOT NULL COMMENT '列名',
  `name` varchar(100) CHARACTER SET utf8 COLLATE utf8_general_ci NOT NULL COMMENT '名称',
  `content` varchar(200) CHARACTER SET utf8 COLLATE utf8_general_ci NULL DEFAULT NULL COMMENT '功能',
  `type` varchar(20) CHARACTER SET utf8 COLLATE utf8_general_ci NOT NULL COMMENT '类型',
  `is_key` varchar(2) CHARACTER SET utf8 COLLATE utf8_general_ci NULL DEFAULT NULL COMMENT '是否主键',
  `is_null` varchar(5) CHARACTER SET utf8 COLLATE utf8_general_ci NULL DEFAULT NULL COMMENT '是否可以为空',
  `is_show_add` int(1) NULL DEFAULT 1 COMMENT '是否显示新增',
  `is_show_edit` int(1) NULL DEFAULT 1 COMMENT '是否显示编辑',
  `is_show_detail` int(1) NULL DEFAULT 1 COMMENT '是否显示详情',
  `is_show_list` int(1) NULL DEFAULT 1 COMMENT '是否列表显示',
  `is_import` int(1) NULL DEFAULT 1 COMMENT '是否Excel导入',
  `is_export` int(1) NULL DEFAULT 1 COMMENT '是否导出Excel',
  `is_query` int(1) NULL DEFAULT 1 COMMENT '是否查询',
  `query_mode` varchar(10) CHARACTER SET utf8 COLLATE utf8_general_ci NULL DEFAULT NULL COMMENT '查询类型',
  `show_type` varchar(10) CHARACTER SET utf8 COLLATE utf8_general_ci NULL DEFAULT NULL COMMENT '显示类型',
  `order_num` int(11) NULL DEFAULT NULL COMMENT '排序',
  `dict_name` varchar(100) CHARACTER SET utf8 COLLATE utf8_general_ci NULL DEFAULT NULL COMMENT '字段名称',
  `dict_type` int(1) NULL DEFAULT NULL COMMENT '字段类型 1 枚举 2 字段 3 列表',
  PRIMARY KEY (`id`) USING BTREE
) ENGINE = InnoDB AUTO_INCREMENT = 396 CHARACTER SET = utf8 COLLATE = utf8_general_ci COMMENT = '字段对应关系' ROW_FORMAT = Compact;

-- ----------------------------
-- Records of t_code_table_field
-- ----------------------------
INSERT INTO `t_code_table_field` VALUES (263, 65, 'id', 'id', '', 'Integer', '2', NULL, 2, 2, 2, NULL, 2, 2, NULL, '1', '1', NULL, '', 1);
INSERT INTO `t_code_table_field` VALUES (264, 65, 'ip', 'ip', 'IP', 'String', NULL, NULL, 2, 2, 2, 2, 2, 2, NULL, '1', '1', NULL, '', 1);
INSERT INTO `t_code_table_field` VALUES (265, 65, 'site_code', 'siteCode', '网址', 'String', NULL, NULL, 2, 2, 2, 2, 2, 2, NULL, '1', '1', NULL, '', 1);
INSERT INTO `t_code_table_field` VALUES (266, 65, 'buss_code', 'bussCode', '业务', 'String', NULL, NULL, 2, 2, 2, 2, 2, 2, NULL, '1', '1', NULL, '', 1);
INSERT INTO `t_code_table_field` VALUES (267, 65, 'buss_key', 'bussKey', '业务Key', 'String', NULL, NULL, 2, 2, 2, 2, 2, 2, NULL, '1', '1', NULL, '', 1);
INSERT INTO `t_code_table_field` VALUES (268, 65, 'type', 'type', '类型', 'String', NULL, NULL, 2, 2, 2, 2, 2, 2, NULL, '1', '1', NULL, '', 1);
INSERT INTO `t_code_table_field` VALUES (269, 65, 'create_time', 'createTime', '', 'Date', NULL, NULL, 2, 2, 2, 2, 2, 2, NULL, '1', '1', NULL, '', 1);
INSERT INTO `t_code_table_field` VALUES (270, 66, 'id', 'id', '', 'String', NULL, NULL, NULL, NULL, NULL, NULL, NULL, NULL, NULL, NULL, NULL, NULL, NULL, NULL);
INSERT INTO `t_code_table_field` VALUES (271, 66, 'content', 'content', NULL, 'String', NULL, NULL, NULL, NULL, NULL, NULL, NULL, NULL, NULL, NULL, NULL, NULL, NULL, NULL);
INSERT INTO `t_code_table_field` VALUES (272, 66, 'dict_field', 'dictField', '', 'String', NULL, NULL, NULL, NULL, NULL, NULL, NULL, NULL, NULL, NULL, NULL, NULL, NULL, NULL);
INSERT INTO `t_code_table_field` VALUES (273, 66, 'dict_table', 'dictTable', '', 'String', NULL, NULL, NULL, NULL, NULL, NULL, NULL, NULL, NULL, NULL, NULL, NULL, NULL, NULL);
INSERT INTO `t_code_table_field` VALUES (274, 66, 'dict_text', 'dictText', '', 'String', NULL, NULL, NULL, NULL, NULL, NULL, NULL, NULL, NULL, NULL, NULL, NULL, NULL, NULL);
INSERT INTO `t_code_table_field` VALUES (275, 66, 'field_default', 'fieldDefault', '', 'String', NULL, NULL, NULL, NULL, NULL, NULL, NULL, NULL, NULL, NULL, NULL, NULL, NULL, NULL);
INSERT INTO `t_code_table_field` VALUES (276, 66, 'field_href', 'fieldHref', '', 'String', NULL, NULL, NULL, NULL, NULL, NULL, NULL, NULL, NULL, NULL, NULL, NULL, NULL, NULL);
INSERT INTO `t_code_table_field` VALUES (277, 66, 'field_length', 'fieldLength', '', 'Integer', NULL, NULL, NULL, NULL, NULL, NULL, NULL, NULL, NULL, NULL, NULL, NULL, NULL, NULL);
INSERT INTO `t_code_table_field` VALUES (278, 66, 'field_name', 'fieldName', '', 'String', NULL, NULL, NULL, NULL, NULL, NULL, NULL, NULL, NULL, NULL, NULL, NULL, NULL, NULL);
INSERT INTO `t_code_table_field` VALUES (279, 66, 'field_valid_type', 'fieldValidType', '', 'String', NULL, NULL, NULL, NULL, NULL, NULL, NULL, NULL, NULL, NULL, NULL, NULL, NULL, NULL);
INSERT INTO `t_code_table_field` VALUES (280, 66, 'is_key', 'isKey', NULL, 'String', NULL, NULL, NULL, NULL, NULL, NULL, NULL, NULL, NULL, NULL, NULL, NULL, NULL, NULL);
INSERT INTO `t_code_table_field` VALUES (281, 66, 'is_null', 'isNull', '', 'String', NULL, NULL, NULL, NULL, NULL, NULL, NULL, NULL, NULL, NULL, NULL, NULL, NULL, NULL);
INSERT INTO `t_code_table_field` VALUES (282, 66, 'is_query', 'isQuery', NULL, 'String', NULL, NULL, NULL, NULL, NULL, NULL, NULL, NULL, NULL, NULL, NULL, NULL, NULL, NULL);
INSERT INTO `t_code_table_field` VALUES (283, 66, 'is_show', 'isShow', NULL, 'String', NULL, NULL, NULL, NULL, NULL, NULL, NULL, NULL, NULL, NULL, NULL, NULL, NULL, NULL);
INSERT INTO `t_code_table_field` VALUES (284, 66, 'is_show_list', 'isShowList', NULL, 'String', NULL, NULL, NULL, NULL, NULL, NULL, NULL, NULL, NULL, NULL, NULL, NULL, NULL, NULL);
INSERT INTO `t_code_table_field` VALUES (285, 66, 'length', 'length', '', 'Integer', NULL, NULL, NULL, NULL, NULL, NULL, NULL, NULL, NULL, NULL, NULL, NULL, NULL, NULL);
INSERT INTO `t_code_table_field` VALUES (286, 66, 'order_num', 'orderNum', NULL, 'Integer', NULL, NULL, NULL, NULL, NULL, NULL, NULL, NULL, NULL, NULL, NULL, NULL, NULL, NULL);
INSERT INTO `t_code_table_field` VALUES (287, 66, 'point_length', 'pointLength', '', 'Integer', NULL, NULL, NULL, NULL, NULL, NULL, NULL, NULL, NULL, NULL, NULL, NULL, NULL, NULL);
INSERT INTO `t_code_table_field` VALUES (288, 66, 'query_mode', 'queryMode', NULL, 'String', NULL, NULL, NULL, NULL, NULL, NULL, NULL, NULL, NULL, NULL, NULL, NULL, NULL, NULL);
INSERT INTO `t_code_table_field` VALUES (289, 66, 'show_type', 'showType', NULL, 'String', NULL, NULL, NULL, NULL, NULL, NULL, NULL, NULL, NULL, NULL, NULL, NULL, NULL, NULL);
INSERT INTO `t_code_table_field` VALUES (290, 66, 'type', 'type', '', 'String', NULL, NULL, NULL, NULL, NULL, NULL, NULL, NULL, NULL, NULL, NULL, NULL, NULL, NULL);
INSERT INTO `t_code_table_field` VALUES (291, 66, 'update_by', 'updateBy', '', 'String', NULL, NULL, NULL, NULL, NULL, NULL, NULL, NULL, NULL, NULL, NULL, NULL, NULL, NULL);
INSERT INTO `t_code_table_field` VALUES (292, 66, 'update_date', 'updateDate', '', 'Date', NULL, NULL, NULL, NULL, NULL, NULL, NULL, NULL, NULL, NULL, NULL, NULL, NULL, NULL);
INSERT INTO `t_code_table_field` VALUES (293, 66, 'update_name', 'updateName', '', 'String', NULL, NULL, NULL, NULL, NULL, NULL, NULL, NULL, NULL, NULL, NULL, NULL, NULL, NULL);
INSERT INTO `t_code_table_field` VALUES (294, 66, 'table_id', 'tableId', NULL, 'String', NULL, NULL, NULL, NULL, NULL, NULL, NULL, NULL, NULL, NULL, NULL, NULL, NULL, NULL);
INSERT INTO `t_code_table_field` VALUES (295, 67, 'id', 'id', NULL, 'Integer', '2', NULL, NULL, NULL, NULL, NULL, NULL, NULL, NULL, NULL, NULL, NULL, NULL, NULL);
INSERT INTO `t_code_table_field` VALUES (296, 67, 'template_id', 'templateId', NULL, 'Integer', NULL, NULL, NULL, NULL, NULL, NULL, NULL, NULL, NULL, NULL, NULL, NULL, NULL, NULL);
INSERT INTO `t_code_table_field` VALUES (297, 67, 'file', 'file', '文件内容,', 'String', NULL, NULL, NULL, NULL, NULL, NULL, NULL, NULL, NULL, NULL, NULL, NULL, NULL, NULL);
INSERT INTO `t_code_table_field` VALUES (298, 67, 'file_type', 'fileType', '文件类型,', 'String', NULL, NULL, NULL, NULL, NULL, NULL, NULL, NULL, NULL, NULL, NULL, NULL, NULL, NULL);
INSERT INTO `t_code_table_field` VALUES (299, 67, 'CRT_TIME', 'crtTime', '创建时间,', 'Date', NULL, NULL, NULL, NULL, NULL, NULL, NULL, NULL, NULL, NULL, NULL, NULL, NULL, NULL);
INSERT INTO `t_code_table_field` VALUES (300, 67, 'MDF_TIME', 'mdfTime', '修改时间,', 'Date', NULL, NULL, NULL, NULL, NULL, NULL, NULL, NULL, NULL, NULL, NULL, NULL, NULL, NULL);
INSERT INTO `t_code_table_field` VALUES (301, 68, 'id', 'id', '', 'String', NULL, NULL, NULL, NULL, NULL, NULL, NULL, NULL, NULL, NULL, NULL, NULL, NULL, NULL);
INSERT INTO `t_code_table_field` VALUES (302, 68, 'content', 'content', NULL, 'String', NULL, NULL, NULL, NULL, NULL, NULL, NULL, NULL, NULL, NULL, NULL, NULL, NULL, NULL);
INSERT INTO `t_code_table_field` VALUES (303, 68, 'dict_field', 'dictField', '', 'String', NULL, NULL, NULL, NULL, NULL, NULL, NULL, NULL, NULL, NULL, NULL, NULL, NULL, NULL);
INSERT INTO `t_code_table_field` VALUES (304, 68, 'dict_table', 'dictTable', '', 'String', NULL, NULL, NULL, NULL, NULL, NULL, NULL, NULL, NULL, NULL, NULL, NULL, NULL, NULL);
INSERT INTO `t_code_table_field` VALUES (305, 68, 'dict_text', 'dictText', '', 'String', NULL, NULL, NULL, NULL, NULL, NULL, NULL, NULL, NULL, NULL, NULL, NULL, NULL, NULL);
INSERT INTO `t_code_table_field` VALUES (306, 68, 'field_default', 'fieldDefault', '', 'String', NULL, NULL, NULL, NULL, NULL, NULL, NULL, NULL, NULL, NULL, NULL, NULL, NULL, NULL);
INSERT INTO `t_code_table_field` VALUES (307, 68, 'field_href', 'fieldHref', '', 'String', NULL, NULL, NULL, NULL, NULL, NULL, NULL, NULL, NULL, NULL, NULL, NULL, NULL, NULL);
INSERT INTO `t_code_table_field` VALUES (308, 68, 'field_length', 'fieldLength', '', 'Integer', NULL, NULL, NULL, NULL, NULL, NULL, NULL, NULL, NULL, NULL, NULL, NULL, NULL, NULL);
INSERT INTO `t_code_table_field` VALUES (309, 68, 'field_name', 'fieldName', '', 'String', NULL, NULL, NULL, NULL, NULL, NULL, NULL, NULL, NULL, NULL, NULL, NULL, NULL, NULL);
INSERT INTO `t_code_table_field` VALUES (310, 68, 'field_valid_type', 'fieldValidType', '', 'String', NULL, NULL, NULL, NULL, NULL, NULL, NULL, NULL, NULL, NULL, NULL, NULL, NULL, NULL);
INSERT INTO `t_code_table_field` VALUES (311, 68, 'is_key', 'isKey', NULL, 'String', NULL, NULL, NULL, NULL, NULL, NULL, NULL, NULL, NULL, NULL, NULL, NULL, NULL, NULL);
INSERT INTO `t_code_table_field` VALUES (312, 68, 'is_null', 'isNull', '', 'String', NULL, NULL, NULL, NULL, NULL, NULL, NULL, NULL, NULL, NULL, NULL, NULL, NULL, NULL);
INSERT INTO `t_code_table_field` VALUES (313, 68, 'is_query', 'isQuery', NULL, 'String', NULL, NULL, NULL, NULL, NULL, NULL, NULL, NULL, NULL, NULL, NULL, NULL, NULL, NULL);
INSERT INTO `t_code_table_field` VALUES (314, 68, 'is_show', 'isShow', NULL, 'String', NULL, NULL, NULL, NULL, NULL, NULL, NULL, NULL, NULL, NULL, NULL, NULL, NULL, NULL);
INSERT INTO `t_code_table_field` VALUES (315, 68, 'is_show_list', 'isShowList', NULL, 'String', NULL, NULL, NULL, NULL, NULL, NULL, NULL, NULL, NULL, NULL, NULL, NULL, NULL, NULL);
INSERT INTO `t_code_table_field` VALUES (316, 68, 'length', 'length', '', 'Integer', NULL, NULL, NULL, NULL, NULL, NULL, NULL, NULL, NULL, NULL, NULL, NULL, NULL, NULL);
INSERT INTO `t_code_table_field` VALUES (317, 68, 'order_num', 'orderNum', NULL, 'Integer', NULL, NULL, NULL, NULL, NULL, NULL, NULL, NULL, NULL, NULL, NULL, NULL, NULL, NULL);
INSERT INTO `t_code_table_field` VALUES (318, 68, 'point_length', 'pointLength', '', 'Integer', NULL, NULL, NULL, NULL, NULL, NULL, NULL, NULL, NULL, NULL, NULL, NULL, NULL, NULL);
INSERT INTO `t_code_table_field` VALUES (319, 68, 'query_mode', 'queryMode', NULL, 'String', NULL, NULL, NULL, NULL, NULL, NULL, NULL, NULL, NULL, NULL, NULL, NULL, NULL, NULL);
INSERT INTO `t_code_table_field` VALUES (320, 68, 'show_type', 'showType', NULL, 'String', NULL, NULL, NULL, NULL, NULL, NULL, NULL, NULL, NULL, NULL, NULL, NULL, NULL, NULL);
INSERT INTO `t_code_table_field` VALUES (321, 68, 'type', 'type', '', 'String', NULL, NULL, NULL, NULL, NULL, NULL, NULL, NULL, NULL, NULL, NULL, NULL, NULL, NULL);
INSERT INTO `t_code_table_field` VALUES (322, 68, 'update_by', 'updateBy', '', 'String', NULL, NULL, NULL, NULL, NULL, NULL, NULL, NULL, NULL, NULL, NULL, NULL, NULL, NULL);
INSERT INTO `t_code_table_field` VALUES (323, 68, 'update_date', 'updateDate', '', 'Date', NULL, NULL, NULL, NULL, NULL, NULL, NULL, NULL, NULL, NULL, NULL, NULL, NULL, NULL);
INSERT INTO `t_code_table_field` VALUES (324, 68, 'update_name', 'updateName', '', 'String', NULL, NULL, NULL, NULL, NULL, NULL, NULL, NULL, NULL, NULL, NULL, NULL, NULL, NULL);
INSERT INTO `t_code_table_field` VALUES (325, 68, 'table_id', 'tableId', NULL, 'String', NULL, NULL, NULL, NULL, NULL, NULL, NULL, NULL, NULL, NULL, NULL, NULL, NULL, NULL);
INSERT INTO `t_code_table_field` VALUES (351, 70, 'id', 'id', NULL, 'Integer', NULL, NULL, NULL, NULL, NULL, NULL, NULL, NULL, NULL, NULL, NULL, NULL, NULL, NULL);
INSERT INTO `t_code_table_field` VALUES (352, 70, 'logname', 'logname', NULL, 'String', NULL, NULL, NULL, NULL, NULL, NULL, NULL, NULL, NULL, NULL, NULL, NULL, NULL, NULL);
INSERT INTO `t_code_table_field` VALUES (353, 70, 'userid', 'userid', NULL, 'Integer', NULL, NULL, NULL, NULL, NULL, NULL, NULL, NULL, NULL, NULL, NULL, NULL, NULL, NULL);
INSERT INTO `t_code_table_field` VALUES (354, 70, 'createtime', 'createtime', NULL, 'Date', NULL, NULL, NULL, NULL, NULL, NULL, NULL, NULL, NULL, NULL, NULL, NULL, NULL, NULL);
INSERT INTO `t_code_table_field` VALUES (355, 70, 'succeed', 'succeed', NULL, 'String', NULL, NULL, NULL, NULL, NULL, NULL, NULL, NULL, NULL, NULL, NULL, NULL, NULL, NULL);
INSERT INTO `t_code_table_field` VALUES (356, 70, 'message', 'message', NULL, 'String', NULL, NULL, NULL, NULL, NULL, NULL, NULL, NULL, NULL, NULL, NULL, NULL, NULL, NULL);
INSERT INTO `t_code_table_field` VALUES (357, 70, 'ip', 'ip', NULL, 'String', NULL, NULL, NULL, NULL, NULL, NULL, NULL, NULL, NULL, NULL, NULL, NULL, NULL, NULL);
INSERT INTO `t_code_table_field` VALUES (358, 71, 'table_name', 'tableName', '表名', 'String', NULL, NULL, NULL, NULL, NULL, NULL, NULL, NULL, NULL, NULL, NULL, NULL, NULL, NULL);
INSERT INTO `t_code_table_field` VALUES (359, 71, 'class_name', 'className', '实体类名称', 'String', NULL, NULL, NULL, NULL, NULL, NULL, NULL, NULL, NULL, NULL, NULL, NULL, NULL, NULL);
INSERT INTO `t_code_table_field` VALUES (360, 71, 'comments', 'comments', '表说明', 'String', NULL, NULL, NULL, NULL, NULL, NULL, NULL, NULL, NULL, NULL, NULL, NULL, NULL, NULL);
INSERT INTO `t_code_table_field` VALUES (361, 71, 'parent_table_name', 'parentTableName', '关联父表的表名', 'String', NULL, NULL, NULL, NULL, NULL, NULL, NULL, NULL, NULL, NULL, NULL, NULL, NULL, NULL);
INSERT INTO `t_code_table_field` VALUES (362, 71, 'parent_table_fk_name', 'parentTableFkName', '本表关联父表的外键名', 'String', NULL, NULL, NULL, NULL, NULL, NULL, NULL, NULL, NULL, NULL, NULL, NULL, NULL, NULL);
INSERT INTO `t_code_table_field` VALUES (363, 71, 'tpl_category', 'tplCategory', '使用的模板', 'String', NULL, NULL, NULL, NULL, NULL, NULL, NULL, NULL, NULL, NULL, NULL, NULL, NULL, NULL);
INSERT INTO `t_code_table_field` VALUES (364, 71, 'package_name', 'packageName', '生成包路径', 'String', NULL, NULL, NULL, NULL, NULL, NULL, NULL, NULL, NULL, NULL, NULL, NULL, NULL, NULL);
INSERT INTO `t_code_table_field` VALUES (365, 71, 'module_name', 'moduleName', '生成模块名', 'String', NULL, NULL, NULL, NULL, NULL, NULL, NULL, NULL, NULL, NULL, NULL, NULL, NULL, NULL);
INSERT INTO `t_code_table_field` VALUES (366, 71, 'sub_module_name', 'subModuleName', '生成子模块名', 'String', NULL, NULL, NULL, NULL, NULL, NULL, NULL, NULL, NULL, NULL, NULL, NULL, NULL, NULL);
INSERT INTO `t_code_table_field` VALUES (367, 71, 'function_name', 'functionName', '生成功能名', 'String', NULL, NULL, NULL, NULL, NULL, NULL, NULL, NULL, NULL, NULL, NULL, NULL, NULL, NULL);
INSERT INTO `t_code_table_field` VALUES (368, 71, 'function_name_simple', 'functionNameSimple', '生成功能名（简写）', 'String', NULL, NULL, NULL, NULL, NULL, NULL, NULL, NULL, NULL, NULL, NULL, NULL, NULL, NULL);
INSERT INTO `t_code_table_field` VALUES (369, 71, 'function_author', 'functionAuthor', '生成功能作者', 'String', NULL, NULL, NULL, NULL, NULL, NULL, NULL, NULL, NULL, NULL, NULL, NULL, NULL, NULL);
INSERT INTO `t_code_table_field` VALUES (370, 71, 'gen_base_dir', 'genBaseDir', '生成基础路径', 'String', NULL, NULL, NULL, NULL, NULL, NULL, NULL, NULL, NULL, NULL, NULL, NULL, NULL, NULL);
INSERT INTO `t_code_table_field` VALUES (371, 71, 'options', 'options', '其它生成选项', 'String', NULL, NULL, NULL, NULL, NULL, NULL, NULL, NULL, NULL, NULL, NULL, NULL, NULL, NULL);
INSERT INTO `t_code_table_field` VALUES (372, 71, 'create_by', 'createBy', '创建者', 'String', NULL, NULL, NULL, NULL, NULL, NULL, NULL, NULL, NULL, NULL, NULL, NULL, NULL, NULL);
INSERT INTO `t_code_table_field` VALUES (373, 71, 'create_date', 'createDate', '创建时间', 'Date', NULL, NULL, NULL, NULL, NULL, NULL, NULL, NULL, NULL, NULL, NULL, NULL, NULL, NULL);
INSERT INTO `t_code_table_field` VALUES (374, 71, 'update_by', 'updateBy', '更新者', 'String', NULL, NULL, NULL, NULL, NULL, NULL, NULL, NULL, NULL, NULL, NULL, NULL, NULL, NULL);
INSERT INTO `t_code_table_field` VALUES (375, 71, 'update_date', 'updateDate', '更新时间', 'Date', NULL, NULL, NULL, NULL, NULL, NULL, NULL, NULL, NULL, NULL, NULL, NULL, NULL, NULL);
INSERT INTO `t_code_table_field` VALUES (376, 71, 'remarks', 'remarks', '备注信息', 'String', NULL, NULL, NULL, NULL, NULL, NULL, NULL, NULL, NULL, NULL, NULL, NULL, NULL, NULL);
INSERT INTO `t_code_table_field` VALUES (377, 72, 'id', 'id', '编号', 'String', NULL, NULL, NULL, NULL, NULL, NULL, NULL, NULL, NULL, NULL, NULL, NULL, NULL, NULL);
INSERT INTO `t_code_table_field` VALUES (378, 72, 'table_name', 'tableName', '表名', 'String', NULL, NULL, NULL, NULL, NULL, NULL, NULL, NULL, NULL, NULL, NULL, NULL, NULL, NULL);
INSERT INTO `t_code_table_field` VALUES (379, 72, 'column_name', 'columnName', '列名', 'String', NULL, NULL, NULL, NULL, NULL, NULL, NULL, NULL, NULL, NULL, NULL, NULL, NULL, NULL);
INSERT INTO `t_code_table_field` VALUES (380, 72, 'column_sort', 'columnSort', '列排序（升序）', 'BigDecimal', NULL, NULL, NULL, NULL, NULL, NULL, NULL, NULL, NULL, NULL, NULL, NULL, NULL, NULL);
INSERT INTO `t_code_table_field` VALUES (381, 72, 'column_type', 'columnType', '类型', 'String', NULL, NULL, NULL, NULL, NULL, NULL, NULL, NULL, NULL, NULL, NULL, NULL, NULL, NULL);
INSERT INTO `t_code_table_field` VALUES (382, 72, 'column_label', 'columnLabel', '列标签名', 'String', NULL, NULL, NULL, NULL, NULL, NULL, NULL, NULL, NULL, NULL, NULL, NULL, NULL, NULL);
INSERT INTO `t_code_table_field` VALUES (383, 72, 'comments', 'comments', '列备注说明', 'String', NULL, NULL, NULL, NULL, NULL, NULL, NULL, NULL, NULL, NULL, NULL, NULL, NULL, NULL);
INSERT INTO `t_code_table_field` VALUES (384, 72, 'attr_name', 'attrName', '类的属性名', 'String', NULL, NULL, NULL, NULL, NULL, NULL, NULL, NULL, NULL, NULL, NULL, NULL, NULL, NULL);
INSERT INTO `t_code_table_field` VALUES (385, 72, 'attr_type', 'attrType', '类的属性类型', 'String', NULL, NULL, NULL, NULL, NULL, NULL, NULL, NULL, NULL, NULL, NULL, NULL, NULL, NULL);
INSERT INTO `t_code_table_field` VALUES (386, 72, 'is_pk', 'isPk', '是否主键', 'String', NULL, NULL, NULL, NULL, NULL, NULL, NULL, NULL, NULL, NULL, NULL, NULL, NULL, NULL);
INSERT INTO `t_code_table_field` VALUES (387, 72, 'is_null', 'isNull', '是否可为空', 'String', NULL, NULL, NULL, NULL, NULL, NULL, NULL, NULL, NULL, NULL, NULL, NULL, NULL, NULL);
INSERT INTO `t_code_table_field` VALUES (388, 72, 'is_insert', 'isInsert', '是否插入字段', 'String', NULL, NULL, NULL, NULL, NULL, NULL, NULL, NULL, NULL, NULL, NULL, NULL, NULL, NULL);
INSERT INTO `t_code_table_field` VALUES (389, 72, 'is_update', 'isUpdate', '是否更新字段', 'String', NULL, NULL, NULL, NULL, NULL, NULL, NULL, NULL, NULL, NULL, NULL, NULL, NULL, NULL);
INSERT INTO `t_code_table_field` VALUES (390, 72, 'is_list', 'isList', '是否列表字段', 'String', NULL, NULL, NULL, NULL, NULL, NULL, NULL, NULL, NULL, NULL, NULL, NULL, NULL, NULL);
INSERT INTO `t_code_table_field` VALUES (391, 72, 'is_query', 'isQuery', '是否查询字段', 'String', NULL, NULL, NULL, NULL, NULL, NULL, NULL, NULL, NULL, NULL, NULL, NULL, NULL, NULL);
INSERT INTO `t_code_table_field` VALUES (392, 72, 'query_type', 'queryType', '查询方式', 'String', NULL, NULL, NULL, NULL, NULL, NULL, NULL, NULL, NULL, NULL, NULL, NULL, NULL, NULL);
INSERT INTO `t_code_table_field` VALUES (393, 72, 'is_edit', 'isEdit', '是否编辑字段', 'String', NULL, NULL, NULL, NULL, NULL, NULL, NULL, NULL, NULL, NULL, NULL, NULL, NULL, NULL);
INSERT INTO `t_code_table_field` VALUES (394, 72, 'show_type', 'showType', '表单类型', 'String', NULL, NULL, NULL, NULL, NULL, NULL, NULL, NULL, NULL, NULL, NULL, NULL, NULL, NULL);
INSERT INTO `t_code_table_field` VALUES (395, 72, 'options', 'options', '其它生成选项', 'String', NULL, NULL, NULL, NULL, NULL, NULL, NULL, NULL, NULL, NULL, NULL, NULL, NULL, NULL);

-- ----------------------------
-- Table structure for t_code_table_field_dbinfo
-- ----------------------------
DROP TABLE IF EXISTS `t_code_table_field_dbinfo`;
CREATE TABLE `t_code_table_field_dbinfo`  (
  `id` int(10) UNSIGNED NOT NULL AUTO_INCREMENT,
  `field_id` int(10) NOT NULL COMMENT '字段ID',
  `field_name` varchar(100) CHARACTER SET utf8 COLLATE utf8_general_ci NOT NULL COMMENT '列名',
  `field_default` varchar(20) CHARACTER SET utf8 COLLATE utf8_general_ci NULL DEFAULT NULL COMMENT '字段默认值',
  `field_content` varchar(200) CHARACTER SET utf8 COLLATE utf8_general_ci NULL DEFAULT NULL COMMENT ' 字段注释',
  `field_length` int(11) NULL DEFAULT NULL COMMENT '字段长度',
  `field_type` varchar(10) CHARACTER SET utf8 COLLATE utf8_general_ci NULL DEFAULT NULL COMMENT '字段类型',
  `field_point_length` int(11) NULL DEFAULT NULL COMMENT '小数点位数',
  PRIMARY KEY (`id`) USING BTREE,
  UNIQUE INDEX `un_field_id`(`field_id`) USING BTREE COMMENT '字段 Id'
) ENGINE = InnoDB AUTO_INCREMENT = 388 CHARACTER SET = latin1 COLLATE = latin1_swedish_ci COMMENT = '字段的数据库信息' ROW_FORMAT = Compact;

-- ----------------------------
-- Records of t_code_table_field_dbinfo
-- ----------------------------
INSERT INTO `t_code_table_field_dbinfo` VALUES (255, 263, 'id', '', '', NULL, 'int', 0);
INSERT INTO `t_code_table_field_dbinfo` VALUES (256, 264, 'ip', '', '', 20, 'varchar', NULL);
INSERT INTO `t_code_table_field_dbinfo` VALUES (257, 265, 'site_code', '', '', 15, 'varchar', NULL);
INSERT INTO `t_code_table_field_dbinfo` VALUES (258, 266, 'buss_code', '', '', 20, 'varchar', NULL);
INSERT INTO `t_code_table_field_dbinfo` VALUES (259, 267, 'buss_key', '', '', 50, 'varchar', NULL);
INSERT INTO `t_code_table_field_dbinfo` VALUES (260, 268, 'type', '', '', 5, 'varchar', NULL);
INSERT INTO `t_code_table_field_dbinfo` VALUES (261, 269, 'create_time', '', '', NULL, 'datetime', NULL);
INSERT INTO `t_code_table_field_dbinfo` VALUES (262, 270, 'id', NULL, '', 32, 'varchar', 0);
INSERT INTO `t_code_table_field_dbinfo` VALUES (263, 271, 'content', NULL, NULL, 200, 'varchar', 0);
INSERT INTO `t_code_table_field_dbinfo` VALUES (264, 272, 'dict_field', NULL, '', 100, 'varchar', 0);
INSERT INTO `t_code_table_field_dbinfo` VALUES (265, 273, 'dict_table', NULL, '', 100, 'varchar', 0);
INSERT INTO `t_code_table_field_dbinfo` VALUES (266, 274, 'dict_text', NULL, '', 100, 'varchar', 0);
INSERT INTO `t_code_table_field_dbinfo` VALUES (267, 275, 'field_default', NULL, '', 20, 'varchar', 0);
INSERT INTO `t_code_table_field_dbinfo` VALUES (268, 276, 'field_href', NULL, '', 200, 'varchar', 0);
INSERT INTO `t_code_table_field_dbinfo` VALUES (269, 277, 'field_length', NULL, '', 10, 'int', 0);
INSERT INTO `t_code_table_field_dbinfo` VALUES (270, 278, 'field_name', NULL, '', 32, 'varchar', 0);
INSERT INTO `t_code_table_field_dbinfo` VALUES (271, 279, 'field_valid_type', NULL, '', 10, 'varchar', 0);
INSERT INTO `t_code_table_field_dbinfo` VALUES (272, 280, 'is_key', NULL, NULL, 2, 'varchar', 0);
INSERT INTO `t_code_table_field_dbinfo` VALUES (273, 281, 'is_null', NULL, '', 5, 'varchar', 0);
INSERT INTO `t_code_table_field_dbinfo` VALUES (274, 282, 'is_query', NULL, NULL, 5, 'varchar', 0);
INSERT INTO `t_code_table_field_dbinfo` VALUES (275, 283, 'is_show', NULL, NULL, 5, 'varchar', 0);
INSERT INTO `t_code_table_field_dbinfo` VALUES (276, 284, 'is_show_list', NULL, NULL, 5, 'varchar', 0);
INSERT INTO `t_code_table_field_dbinfo` VALUES (277, 285, 'length', NULL, '', 10, 'int', 0);
INSERT INTO `t_code_table_field_dbinfo` VALUES (278, 286, 'order_num', NULL, NULL, 10, 'int', 0);
INSERT INTO `t_code_table_field_dbinfo` VALUES (279, 287, 'point_length', NULL, '', 10, 'int', 0);
INSERT INTO `t_code_table_field_dbinfo` VALUES (280, 288, 'query_mode', NULL, NULL, 10, 'varchar', 0);
INSERT INTO `t_code_table_field_dbinfo` VALUES (281, 289, 'show_type', NULL, NULL, 10, 'varchar', 0);
INSERT INTO `t_code_table_field_dbinfo` VALUES (282, 290, 'type', NULL, '', 32, 'varchar', 0);
INSERT INTO `t_code_table_field_dbinfo` VALUES (283, 291, 'update_by', NULL, '', 32, 'varchar', 0);
INSERT INTO `t_code_table_field_dbinfo` VALUES (284, 292, 'update_date', NULL, '', 0, 'datetime', 0);
INSERT INTO `t_code_table_field_dbinfo` VALUES (285, 293, 'update_name', NULL, '', 32, 'varchar', 0);
INSERT INTO `t_code_table_field_dbinfo` VALUES (286, 294, 'table_id', NULL, NULL, 32, 'varchar', 0);
INSERT INTO `t_code_table_field_dbinfo` VALUES (287, 295, 'id', NULL, NULL, 10, 'int', NULL);
INSERT INTO `t_code_table_field_dbinfo` VALUES (288, 296, 'template_id', NULL, NULL, 10, 'int', NULL);
INSERT INTO `t_code_table_field_dbinfo` VALUES (289, 297, 'file', NULL, '文件内容,', NULL, 'text', NULL);
INSERT INTO `t_code_table_field_dbinfo` VALUES (290, 298, 'file_type', NULL, '文件类型,', 20, 'varchar', NULL);
INSERT INTO `t_code_table_field_dbinfo` VALUES (291, 299, 'CRT_TIME', NULL, '创建时间,', NULL, 'datetime', NULL);
INSERT INTO `t_code_table_field_dbinfo` VALUES (292, 300, 'MDF_TIME', NULL, '修改时间,', NULL, 'datetime', NULL);
INSERT INTO `t_code_table_field_dbinfo` VALUES (293, 301, 'id', NULL, '', 32, 'varchar', 0);
INSERT INTO `t_code_table_field_dbinfo` VALUES (294, 302, 'content', NULL, NULL, 200, 'varchar', 0);
INSERT INTO `t_code_table_field_dbinfo` VALUES (295, 303, 'dict_field', NULL, '', 100, 'varchar', 0);
INSERT INTO `t_code_table_field_dbinfo` VALUES (296, 304, 'dict_table', NULL, '', 100, 'varchar', 0);
INSERT INTO `t_code_table_field_dbinfo` VALUES (297, 305, 'dict_text', NULL, '', 100, 'varchar', 0);
INSERT INTO `t_code_table_field_dbinfo` VALUES (298, 306, 'field_default', NULL, '', 20, 'varchar', 0);
INSERT INTO `t_code_table_field_dbinfo` VALUES (299, 307, 'field_href', NULL, '', 200, 'varchar', 0);
INSERT INTO `t_code_table_field_dbinfo` VALUES (300, 308, 'field_length', NULL, '', 10, 'int', 0);
INSERT INTO `t_code_table_field_dbinfo` VALUES (301, 309, 'field_name', NULL, '', 32, 'varchar', 0);
INSERT INTO `t_code_table_field_dbinfo` VALUES (302, 310, 'field_valid_type', NULL, '', 10, 'varchar', 0);
INSERT INTO `t_code_table_field_dbinfo` VALUES (303, 311, 'is_key', NULL, NULL, 2, 'varchar', 0);
INSERT INTO `t_code_table_field_dbinfo` VALUES (304, 312, 'is_null', NULL, '', 5, 'varchar', 0);
INSERT INTO `t_code_table_field_dbinfo` VALUES (305, 313, 'is_query', NULL, NULL, 5, 'varchar', 0);
INSERT INTO `t_code_table_field_dbinfo` VALUES (306, 314, 'is_show', NULL, NULL, 5, 'varchar', 0);
INSERT INTO `t_code_table_field_dbinfo` VALUES (307, 315, 'is_show_list', NULL, NULL, 5, 'varchar', 0);
INSERT INTO `t_code_table_field_dbinfo` VALUES (308, 316, 'length', NULL, '', 10, 'int', 0);
INSERT INTO `t_code_table_field_dbinfo` VALUES (309, 317, 'order_num', NULL, NULL, 10, 'int', 0);
INSERT INTO `t_code_table_field_dbinfo` VALUES (310, 318, 'point_length', NULL, '', 10, 'int', 0);
INSERT INTO `t_code_table_field_dbinfo` VALUES (311, 319, 'query_mode', NULL, NULL, 10, 'varchar', 0);
INSERT INTO `t_code_table_field_dbinfo` VALUES (312, 320, 'show_type', NULL, NULL, 10, 'varchar', 0);
INSERT INTO `t_code_table_field_dbinfo` VALUES (313, 321, 'type', NULL, '', 32, 'varchar', 0);
INSERT INTO `t_code_table_field_dbinfo` VALUES (314, 322, 'update_by', NULL, '', 32, 'varchar', 0);
INSERT INTO `t_code_table_field_dbinfo` VALUES (315, 323, 'update_date', NULL, '', 0, 'datetime', 0);
INSERT INTO `t_code_table_field_dbinfo` VALUES (316, 324, 'update_name', NULL, '', 32, 'varchar', 0);
INSERT INTO `t_code_table_field_dbinfo` VALUES (317, 325, 'table_id', NULL, NULL, 32, 'varchar', 0);
INSERT INTO `t_code_table_field_dbinfo` VALUES (343, 351, 'id', NULL, NULL, 10, 'int', 0);
INSERT INTO `t_code_table_field_dbinfo` VALUES (344, 352, 'logname', NULL, NULL, 255, 'varchar', 0);
INSERT INTO `t_code_table_field_dbinfo` VALUES (345, 353, 'userid', NULL, NULL, 10, 'int', 0);
INSERT INTO `t_code_table_field_dbinfo` VALUES (346, 354, 'createtime', NULL, NULL, 0, 'datetime', 0);
INSERT INTO `t_code_table_field_dbinfo` VALUES (347, 355, 'succeed', NULL, NULL, 255, 'varchar', 0);
INSERT INTO `t_code_table_field_dbinfo` VALUES (348, 356, 'message', NULL, NULL, 65535, 'text', 0);
INSERT INTO `t_code_table_field_dbinfo` VALUES (349, 357, 'ip', NULL, NULL, 255, 'varchar', 0);
INSERT INTO `t_code_table_field_dbinfo` VALUES (350, 358, 'table_name', NULL, NULL, 64, 'varchar', 0);
INSERT INTO `t_code_table_field_dbinfo` VALUES (351, 359, 'class_name', NULL, NULL, 100, 'varchar', 0);
INSERT INTO `t_code_table_field_dbinfo` VALUES (352, 360, 'comments', NULL, NULL, 500, 'varchar', 0);
INSERT INTO `t_code_table_field_dbinfo` VALUES (353, 361, 'parent_table_name', NULL, NULL, 64, 'varchar', 0);
INSERT INTO `t_code_table_field_dbinfo` VALUES (354, 362, 'parent_table_fk_name', NULL, NULL, 64, 'varchar', 0);
INSERT INTO `t_code_table_field_dbinfo` VALUES (355, 363, 'tpl_category', NULL, NULL, 200, 'varchar', 0);
INSERT INTO `t_code_table_field_dbinfo` VALUES (356, 364, 'package_name', NULL, NULL, 500, 'varchar', 0);
INSERT INTO `t_code_table_field_dbinfo` VALUES (357, 365, 'module_name', NULL, NULL, 30, 'varchar', 0);
INSERT INTO `t_code_table_field_dbinfo` VALUES (358, 366, 'sub_module_name', NULL, NULL, 30, 'varchar', 0);
INSERT INTO `t_code_table_field_dbinfo` VALUES (359, 367, 'function_name', NULL, NULL, 200, 'varchar', 0);
INSERT INTO `t_code_table_field_dbinfo` VALUES (360, 368, 'function_name_simple', NULL, NULL, 50, 'varchar', 0);
INSERT INTO `t_code_table_field_dbinfo` VALUES (361, 369, 'function_author', NULL, NULL, 50, 'varchar', 0);
INSERT INTO `t_code_table_field_dbinfo` VALUES (362, 370, 'gen_base_dir', NULL, NULL, 1000, 'varchar', 0);
INSERT INTO `t_code_table_field_dbinfo` VALUES (363, 371, 'options', NULL, NULL, 1000, 'varchar', 0);
INSERT INTO `t_code_table_field_dbinfo` VALUES (364, 372, 'create_by', NULL, NULL, 64, 'varchar', 0);
INSERT INTO `t_code_table_field_dbinfo` VALUES (365, 373, 'create_date', NULL, NULL, 0, 'datetime', 0);
INSERT INTO `t_code_table_field_dbinfo` VALUES (366, 374, 'update_by', NULL, NULL, 64, 'varchar', 0);
INSERT INTO `t_code_table_field_dbinfo` VALUES (367, 375, 'update_date', NULL, NULL, 0, 'datetime', 0);
INSERT INTO `t_code_table_field_dbinfo` VALUES (368, 376, 'remarks', NULL, NULL, 500, 'varchar', 0);
INSERT INTO `t_code_table_field_dbinfo` VALUES (369, 377, 'id', NULL, NULL, 64, 'varchar', 0);
INSERT INTO `t_code_table_field_dbinfo` VALUES (370, 378, 'table_name', NULL, NULL, 64, 'varchar', 0);
INSERT INTO `t_code_table_field_dbinfo` VALUES (371, 379, 'column_name', NULL, NULL, 64, 'varchar', 0);
INSERT INTO `t_code_table_field_dbinfo` VALUES (372, 380, 'column_sort', NULL, NULL, 10, 'decimal', 0);
INSERT INTO `t_code_table_field_dbinfo` VALUES (373, 381, 'column_type', NULL, NULL, 100, 'varchar', 0);
INSERT INTO `t_code_table_field_dbinfo` VALUES (374, 382, 'column_label', NULL, NULL, 50, 'varchar', 0);
INSERT INTO `t_code_table_field_dbinfo` VALUES (375, 383, 'comments', NULL, NULL, 500, 'varchar', 0);
INSERT INTO `t_code_table_field_dbinfo` VALUES (376, 384, 'attr_name', NULL, NULL, 200, 'varchar', 0);
INSERT INTO `t_code_table_field_dbinfo` VALUES (377, 385, 'attr_type', NULL, NULL, 200, 'varchar', 0);
INSERT INTO `t_code_table_field_dbinfo` VALUES (378, 386, 'is_pk', NULL, NULL, 1, 'char', 0);
INSERT INTO `t_code_table_field_dbinfo` VALUES (379, 387, 'is_null', NULL, NULL, 1, 'char', 0);
INSERT INTO `t_code_table_field_dbinfo` VALUES (380, 388, 'is_insert', NULL, NULL, 1, 'char', 0);
INSERT INTO `t_code_table_field_dbinfo` VALUES (381, 389, 'is_update', NULL, NULL, 1, 'char', 0);
INSERT INTO `t_code_table_field_dbinfo` VALUES (382, 390, 'is_list', NULL, NULL, 1, 'char', 0);
INSERT INTO `t_code_table_field_dbinfo` VALUES (383, 391, 'is_query', NULL, NULL, 1, 'char', 0);
INSERT INTO `t_code_table_field_dbinfo` VALUES (384, 392, 'query_type', NULL, NULL, 200, 'varchar', 0);
INSERT INTO `t_code_table_field_dbinfo` VALUES (385, 393, 'is_edit', NULL, NULL, 1, 'char', 0);
INSERT INTO `t_code_table_field_dbinfo` VALUES (386, 394, 'show_type', NULL, NULL, 200, 'varchar', 0);
INSERT INTO `t_code_table_field_dbinfo` VALUES (387, 395, 'options', NULL, NULL, 1000, 'varchar', 0);

-- ----------------------------
-- Table structure for t_code_table_field_verification
-- ----------------------------
DROP TABLE IF EXISTS `t_code_table_field_verification`;
CREATE TABLE `t_code_table_field_verification`  (
  `id` int(10) UNSIGNED NOT NULL AUTO_INCREMENT,
  `field_id` int(10) NOT NULL COMMENT '字段ID',
  `view_verification` int(1) NULL DEFAULT NULL COMMENT '前端校验',
  `server_verification` int(1) NULL DEFAULT NULL COMMENT '后台校验',
  `not_null` int(1) NULL DEFAULT NULL COMMENT '允许空',
  `min_num` varchar(5) CHARACTER SET latin1 COLLATE latin1_swedish_ci NULL DEFAULT NULL COMMENT '最小',
  `max_num` varchar(10) CHARACTER SET latin1 COLLATE latin1_swedish_ci NULL DEFAULT NULL COMMENT '最大',
  `regex` varchar(100) CHARACTER SET latin1 COLLATE latin1_swedish_ci NULL DEFAULT NULL COMMENT '正则',
  `regex_type` int(2) NULL DEFAULT NULL COMMENT '正则类型',
  PRIMARY KEY (`id`) USING BTREE,
  UNIQUE INDEX `un_field_id`(`field_id`) USING BTREE COMMENT '字段 Id'
) ENGINE = InnoDB AUTO_INCREMENT = 389 CHARACTER SET = latin1 COLLATE = latin1_swedish_ci COMMENT = '字段校验规则' ROW_FORMAT = Compact;

-- ----------------------------
-- Records of t_code_table_field_verification
-- ----------------------------
INSERT INTO `t_code_table_field_verification` VALUES (256, 263, 2, 2, 2, '', '', '', 0);
INSERT INTO `t_code_table_field_verification` VALUES (257, 264, 2, 2, 2, '', '', '', 0);
INSERT INTO `t_code_table_field_verification` VALUES (258, 265, 2, 2, 2, '', '', '', 0);
INSERT INTO `t_code_table_field_verification` VALUES (259, 266, 2, 2, 2, '', '', '', 0);
INSERT INTO `t_code_table_field_verification` VALUES (260, 267, 2, 2, 2, '', '', '', 0);
INSERT INTO `t_code_table_field_verification` VALUES (261, 268, 2, 2, 2, '', '', '', 0);
INSERT INTO `t_code_table_field_verification` VALUES (262, 269, 2, 2, 2, '', '', '', 0);
INSERT INTO `t_code_table_field_verification` VALUES (263, 270, NULL, NULL, 1, NULL, NULL, NULL, NULL);
INSERT INTO `t_code_table_field_verification` VALUES (264, 271, NULL, NULL, 1, NULL, NULL, NULL, NULL);
INSERT INTO `t_code_table_field_verification` VALUES (265, 272, NULL, NULL, 1, NULL, NULL, NULL, NULL);
INSERT INTO `t_code_table_field_verification` VALUES (266, 273, NULL, NULL, 1, NULL, NULL, NULL, NULL);
INSERT INTO `t_code_table_field_verification` VALUES (267, 274, NULL, NULL, 1, NULL, NULL, NULL, NULL);
INSERT INTO `t_code_table_field_verification` VALUES (268, 275, NULL, NULL, 1, NULL, NULL, NULL, NULL);
INSERT INTO `t_code_table_field_verification` VALUES (269, 276, NULL, NULL, 1, NULL, NULL, NULL, NULL);
INSERT INTO `t_code_table_field_verification` VALUES (270, 277, NULL, NULL, 1, NULL, NULL, NULL, NULL);
INSERT INTO `t_code_table_field_verification` VALUES (271, 278, NULL, NULL, 1, NULL, NULL, NULL, NULL);
INSERT INTO `t_code_table_field_verification` VALUES (272, 279, NULL, NULL, 1, NULL, NULL, NULL, NULL);
INSERT INTO `t_code_table_field_verification` VALUES (273, 280, NULL, NULL, 1, NULL, NULL, NULL, NULL);
INSERT INTO `t_code_table_field_verification` VALUES (274, 281, NULL, NULL, 1, NULL, NULL, NULL, NULL);
INSERT INTO `t_code_table_field_verification` VALUES (275, 282, NULL, NULL, 1, NULL, NULL, NULL, NULL);
INSERT INTO `t_code_table_field_verification` VALUES (276, 283, NULL, NULL, 1, NULL, NULL, NULL, NULL);
INSERT INTO `t_code_table_field_verification` VALUES (277, 284, NULL, NULL, 1, NULL, NULL, NULL, NULL);
INSERT INTO `t_code_table_field_verification` VALUES (278, 285, NULL, NULL, 1, NULL, NULL, NULL, NULL);
INSERT INTO `t_code_table_field_verification` VALUES (279, 286, NULL, NULL, 1, NULL, NULL, NULL, NULL);
INSERT INTO `t_code_table_field_verification` VALUES (280, 287, NULL, NULL, 1, NULL, NULL, NULL, NULL);
INSERT INTO `t_code_table_field_verification` VALUES (281, 288, NULL, NULL, 1, NULL, NULL, NULL, NULL);
INSERT INTO `t_code_table_field_verification` VALUES (282, 289, NULL, NULL, 1, NULL, NULL, NULL, NULL);
INSERT INTO `t_code_table_field_verification` VALUES (283, 290, NULL, NULL, 1, NULL, NULL, NULL, NULL);
INSERT INTO `t_code_table_field_verification` VALUES (284, 291, NULL, NULL, 1, NULL, NULL, NULL, NULL);
INSERT INTO `t_code_table_field_verification` VALUES (285, 292, NULL, NULL, 1, NULL, NULL, NULL, NULL);
INSERT INTO `t_code_table_field_verification` VALUES (286, 293, NULL, NULL, 1, NULL, NULL, NULL, NULL);
INSERT INTO `t_code_table_field_verification` VALUES (287, 294, NULL, NULL, 1, NULL, NULL, NULL, NULL);
INSERT INTO `t_code_table_field_verification` VALUES (288, 295, NULL, NULL, 2, NULL, NULL, NULL, NULL);
INSERT INTO `t_code_table_field_verification` VALUES (289, 296, NULL, NULL, 2, NULL, NULL, NULL, NULL);
INSERT INTO `t_code_table_field_verification` VALUES (290, 297, NULL, NULL, 1, NULL, NULL, NULL, NULL);
INSERT INTO `t_code_table_field_verification` VALUES (291, 298, NULL, NULL, 1, NULL, NULL, NULL, NULL);
INSERT INTO `t_code_table_field_verification` VALUES (292, 299, NULL, NULL, 1, NULL, NULL, NULL, NULL);
INSERT INTO `t_code_table_field_verification` VALUES (293, 300, NULL, NULL, 1, NULL, NULL, NULL, NULL);
INSERT INTO `t_code_table_field_verification` VALUES (294, 301, NULL, NULL, 1, NULL, NULL, NULL, NULL);
INSERT INTO `t_code_table_field_verification` VALUES (295, 302, NULL, NULL, 1, NULL, NULL, NULL, NULL);
INSERT INTO `t_code_table_field_verification` VALUES (296, 303, NULL, NULL, 1, NULL, NULL, NULL, NULL);
INSERT INTO `t_code_table_field_verification` VALUES (297, 304, NULL, NULL, 1, NULL, NULL, NULL, NULL);
INSERT INTO `t_code_table_field_verification` VALUES (298, 305, NULL, NULL, 1, NULL, NULL, NULL, NULL);
INSERT INTO `t_code_table_field_verification` VALUES (299, 306, NULL, NULL, 1, NULL, NULL, NULL, NULL);
INSERT INTO `t_code_table_field_verification` VALUES (300, 307, NULL, NULL, 1, NULL, NULL, NULL, NULL);
INSERT INTO `t_code_table_field_verification` VALUES (301, 308, NULL, NULL, 1, NULL, NULL, NULL, NULL);
INSERT INTO `t_code_table_field_verification` VALUES (302, 309, NULL, NULL, 1, NULL, NULL, NULL, NULL);
INSERT INTO `t_code_table_field_verification` VALUES (303, 310, NULL, NULL, 1, NULL, NULL, NULL, NULL);
INSERT INTO `t_code_table_field_verification` VALUES (304, 311, NULL, NULL, 1, NULL, NULL, NULL, NULL);
INSERT INTO `t_code_table_field_verification` VALUES (305, 312, NULL, NULL, 1, NULL, NULL, NULL, NULL);
INSERT INTO `t_code_table_field_verification` VALUES (306, 313, NULL, NULL, 1, NULL, NULL, NULL, NULL);
INSERT INTO `t_code_table_field_verification` VALUES (307, 314, NULL, NULL, 1, NULL, NULL, NULL, NULL);
INSERT INTO `t_code_table_field_verification` VALUES (308, 315, NULL, NULL, 1, NULL, NULL, NULL, NULL);
INSERT INTO `t_code_table_field_verification` VALUES (309, 316, NULL, NULL, 1, NULL, NULL, NULL, NULL);
INSERT INTO `t_code_table_field_verification` VALUES (310, 317, NULL, NULL, 1, NULL, NULL, NULL, NULL);
INSERT INTO `t_code_table_field_verification` VALUES (311, 318, NULL, NULL, 1, NULL, NULL, NULL, NULL);
INSERT INTO `t_code_table_field_verification` VALUES (312, 319, NULL, NULL, 1, NULL, NULL, NULL, NULL);
INSERT INTO `t_code_table_field_verification` VALUES (313, 320, NULL, NULL, 1, NULL, NULL, NULL, NULL);
INSERT INTO `t_code_table_field_verification` VALUES (314, 321, NULL, NULL, 1, NULL, NULL, NULL, NULL);
INSERT INTO `t_code_table_field_verification` VALUES (315, 322, NULL, NULL, 1, NULL, NULL, NULL, NULL);
INSERT INTO `t_code_table_field_verification` VALUES (316, 323, NULL, NULL, 1, NULL, NULL, NULL, NULL);
INSERT INTO `t_code_table_field_verification` VALUES (317, 324, NULL, NULL, 1, NULL, NULL, NULL, NULL);
INSERT INTO `t_code_table_field_verification` VALUES (318, 325, NULL, NULL, 1, NULL, NULL, NULL, NULL);
INSERT INTO `t_code_table_field_verification` VALUES (344, 351, NULL, NULL, 1, NULL, NULL, NULL, NULL);
INSERT INTO `t_code_table_field_verification` VALUES (345, 352, NULL, NULL, 1, NULL, NULL, NULL, NULL);
INSERT INTO `t_code_table_field_verification` VALUES (346, 353, NULL, NULL, 1, NULL, NULL, NULL, NULL);
INSERT INTO `t_code_table_field_verification` VALUES (347, 354, NULL, NULL, 1, NULL, NULL, NULL, NULL);
INSERT INTO `t_code_table_field_verification` VALUES (348, 355, NULL, NULL, 1, NULL, NULL, NULL, NULL);
INSERT INTO `t_code_table_field_verification` VALUES (349, 356, NULL, NULL, 1, NULL, NULL, NULL, NULL);
INSERT INTO `t_code_table_field_verification` VALUES (350, 357, NULL, NULL, 1, NULL, NULL, NULL, NULL);
INSERT INTO `t_code_table_field_verification` VALUES (351, 358, NULL, NULL, 1, NULL, NULL, NULL, NULL);
INSERT INTO `t_code_table_field_verification` VALUES (352, 359, NULL, NULL, 1, NULL, NULL, NULL, NULL);
INSERT INTO `t_code_table_field_verification` VALUES (353, 360, NULL, NULL, 1, NULL, NULL, NULL, NULL);
INSERT INTO `t_code_table_field_verification` VALUES (354, 361, NULL, NULL, 1, NULL, NULL, NULL, NULL);
INSERT INTO `t_code_table_field_verification` VALUES (355, 362, NULL, NULL, 1, NULL, NULL, NULL, NULL);
INSERT INTO `t_code_table_field_verification` VALUES (356, 363, NULL, NULL, 1, NULL, NULL, NULL, NULL);
INSERT INTO `t_code_table_field_verification` VALUES (357, 364, NULL, NULL, 1, NULL, NULL, NULL, NULL);
INSERT INTO `t_code_table_field_verification` VALUES (358, 365, NULL, NULL, 1, NULL, NULL, NULL, NULL);
INSERT INTO `t_code_table_field_verification` VALUES (359, 366, NULL, NULL, 1, NULL, NULL, NULL, NULL);
INSERT INTO `t_code_table_field_verification` VALUES (360, 367, NULL, NULL, 1, NULL, NULL, NULL, NULL);
INSERT INTO `t_code_table_field_verification` VALUES (361, 368, NULL, NULL, 1, NULL, NULL, NULL, NULL);
INSERT INTO `t_code_table_field_verification` VALUES (362, 369, NULL, NULL, 1, NULL, NULL, NULL, NULL);
INSERT INTO `t_code_table_field_verification` VALUES (363, 370, NULL, NULL, 1, NULL, NULL, NULL, NULL);
INSERT INTO `t_code_table_field_verification` VALUES (364, 371, NULL, NULL, 1, NULL, NULL, NULL, NULL);
INSERT INTO `t_code_table_field_verification` VALUES (365, 372, NULL, NULL, 1, NULL, NULL, NULL, NULL);
INSERT INTO `t_code_table_field_verification` VALUES (366, 373, NULL, NULL, 1, NULL, NULL, NULL, NULL);
INSERT INTO `t_code_table_field_verification` VALUES (367, 374, NULL, NULL, 1, NULL, NULL, NULL, NULL);
INSERT INTO `t_code_table_field_verification` VALUES (368, 375, NULL, NULL, 1, NULL, NULL, NULL, NULL);
INSERT INTO `t_code_table_field_verification` VALUES (369, 376, NULL, NULL, 1, NULL, NULL, NULL, NULL);
INSERT INTO `t_code_table_field_verification` VALUES (370, 377, NULL, NULL, 1, NULL, NULL, NULL, NULL);
INSERT INTO `t_code_table_field_verification` VALUES (371, 378, NULL, NULL, 1, NULL, NULL, NULL, NULL);
INSERT INTO `t_code_table_field_verification` VALUES (372, 379, NULL, NULL, 1, NULL, NULL, NULL, NULL);
INSERT INTO `t_code_table_field_verification` VALUES (373, 380, NULL, NULL, 1, NULL, NULL, NULL, NULL);
INSERT INTO `t_code_table_field_verification` VALUES (374, 381, NULL, NULL, 1, NULL, NULL, NULL, NULL);
INSERT INTO `t_code_table_field_verification` VALUES (375, 382, NULL, NULL, 1, NULL, NULL, NULL, NULL);
INSERT INTO `t_code_table_field_verification` VALUES (376, 383, NULL, NULL, 1, NULL, NULL, NULL, NULL);
INSERT INTO `t_code_table_field_verification` VALUES (377, 384, NULL, NULL, 1, NULL, NULL, NULL, NULL);
INSERT INTO `t_code_table_field_verification` VALUES (378, 385, NULL, NULL, 1, NULL, NULL, NULL, NULL);
INSERT INTO `t_code_table_field_verification` VALUES (379, 386, NULL, NULL, 1, NULL, NULL, NULL, NULL);
INSERT INTO `t_code_table_field_verification` VALUES (380, 387, NULL, NULL, 1, NULL, NULL, NULL, NULL);
INSERT INTO `t_code_table_field_verification` VALUES (381, 388, NULL, NULL, 1, NULL, NULL, NULL, NULL);
INSERT INTO `t_code_table_field_verification` VALUES (382, 389, NULL, NULL, 1, NULL, NULL, NULL, NULL);
INSERT INTO `t_code_table_field_verification` VALUES (383, 390, NULL, NULL, 1, NULL, NULL, NULL, NULL);
INSERT INTO `t_code_table_field_verification` VALUES (384, 391, NULL, NULL, 1, NULL, NULL, NULL, NULL);
INSERT INTO `t_code_table_field_verification` VALUES (385, 392, NULL, NULL, 1, NULL, NULL, NULL, NULL);
INSERT INTO `t_code_table_field_verification` VALUES (386, 393, NULL, NULL, 1, NULL, NULL, NULL, NULL);
INSERT INTO `t_code_table_field_verification` VALUES (387, 394, NULL, NULL, 1, NULL, NULL, NULL, NULL);
INSERT INTO `t_code_table_field_verification` VALUES (388, 395, NULL, NULL, 1, NULL, NULL, NULL, NULL);

-- ----------------------------
-- Table structure for t_code_table_service_config
-- ----------------------------
DROP TABLE IF EXISTS `t_code_table_service_config`;
CREATE TABLE `t_code_table_service_config`  (
  `id` int(10) UNSIGNED NOT NULL AUTO_INCREMENT,
  `table_id` int(10) NOT NULL COMMENT '对应表',
  `type` varchar(10) CHARACTER SET latin1 COLLATE latin1_swedish_ci NOT NULL COMMENT '功能 ',
  `is_enable` int(1) NULL DEFAULT NULL COMMENT '是否启用改功能',
  `is_permission` int(1) NULL DEFAULT NULL COMMENT '是否需要授权',
  `is_transactional` int(1) NULL DEFAULT NULL COMMENT '是否开启事务',
  `transactional_type` varchar(2) CHARACTER SET latin1 COLLATE latin1_swedish_ci NULL DEFAULT NULL COMMENT '事务类型',
  PRIMARY KEY (`id`) USING BTREE
) ENGINE = InnoDB AUTO_INCREMENT = 251 CHARACTER SET = latin1 COLLATE = latin1_swedish_ci COMMENT = '表功能配置' ROW_FORMAT = Compact;

-- ----------------------------
-- Records of t_code_table_service_config
-- ----------------------------
INSERT INTO `t_code_table_service_config` VALUES (211, 65, 'list', 1, 1, 2, '02');
INSERT INTO `t_code_table_service_config` VALUES (212, 65, 'add', 1, 1, 1, '01');
INSERT INTO `t_code_table_service_config` VALUES (213, 65, 'edit', 1, 1, 1, '01');
INSERT INTO `t_code_table_service_config` VALUES (214, 65, 'delete', 1, 1, 1, '01');
INSERT INTO `t_code_table_service_config` VALUES (215, 65, 'detail', 2, 1, 2, '02');
INSERT INTO `t_code_table_service_config` VALUES (216, 66, 'list', 1, 1, 2, '02');
INSERT INTO `t_code_table_service_config` VALUES (217, 66, 'add', 1, 1, 1, '01');
INSERT INTO `t_code_table_service_config` VALUES (218, 66, 'edit', 1, 1, 1, '01');
INSERT INTO `t_code_table_service_config` VALUES (219, 66, 'delete', 1, 1, 1, '01');
INSERT INTO `t_code_table_service_config` VALUES (220, 66, 'detail', 1, 1, 2, '02');
INSERT INTO `t_code_table_service_config` VALUES (221, 67, 'list', 1, 1, 2, '02');
INSERT INTO `t_code_table_service_config` VALUES (222, 67, 'add', 1, 1, 1, '01');
INSERT INTO `t_code_table_service_config` VALUES (223, 67, 'edit', 1, 1, 1, '01');
INSERT INTO `t_code_table_service_config` VALUES (224, 67, 'delete', 1, 1, 1, '01');
INSERT INTO `t_code_table_service_config` VALUES (225, 67, 'detail', 1, 1, 2, '02');
INSERT INTO `t_code_table_service_config` VALUES (226, 68, 'list', 1, 1, 2, '02');
INSERT INTO `t_code_table_service_config` VALUES (227, 68, 'add', 1, 1, 1, '01');
INSERT INTO `t_code_table_service_config` VALUES (228, 68, 'edit', 1, 1, 1, '01');
INSERT INTO `t_code_table_service_config` VALUES (229, 68, 'delete', 1, 1, 1, '01');
INSERT INTO `t_code_table_service_config` VALUES (230, 68, 'detail', 1, 1, 2, '02');
INSERT INTO `t_code_table_service_config` VALUES (236, 70, 'list', 1, 1, 2, '02');
INSERT INTO `t_code_table_service_config` VALUES (237, 70, 'add', 1, 1, 1, '01');
INSERT INTO `t_code_table_service_config` VALUES (238, 70, 'edit', 1, 1, 1, '01');
INSERT INTO `t_code_table_service_config` VALUES (239, 70, 'delete', 1, 1, 1, '01');
INSERT INTO `t_code_table_service_config` VALUES (240, 70, 'detail', 1, 1, 2, '02');
INSERT INTO `t_code_table_service_config` VALUES (241, 71, 'list', 1, 1, 2, '02');
INSERT INTO `t_code_table_service_config` VALUES (242, 71, 'add', 1, 1, 1, '01');
INSERT INTO `t_code_table_service_config` VALUES (243, 71, 'edit', 1, 1, 1, '01');
INSERT INTO `t_code_table_service_config` VALUES (244, 71, 'delete', 1, 1, 1, '01');
INSERT INTO `t_code_table_service_config` VALUES (245, 71, 'detail', 1, 1, 2, '02');
INSERT INTO `t_code_table_service_config` VALUES (246, 72, 'list', 1, 1, 2, '02');
INSERT INTO `t_code_table_service_config` VALUES (247, 72, 'add', 1, 1, 1, '01');
INSERT INTO `t_code_table_service_config` VALUES (248, 72, 'edit', 1, 1, 1, '01');
INSERT INTO `t_code_table_service_config` VALUES (249, 72, 'delete', 1, 1, 1, '01');
INSERT INTO `t_code_table_service_config` VALUES (250, 72, 'detail', 1, 1, 2, '02');

-- ----------------------------
-- Table structure for t_code_template
-- ----------------------------
DROP TABLE IF EXISTS `t_code_template`;
CREATE TABLE `t_code_template`  (
  `ID` int(10) NOT NULL AUTO_INCREMENT,
  `template_name` varchar(50) CHARACTER SET utf8 COLLATE utf8_general_ci NOT NULL COMMENT '模板名称',
  `Template_path` varchar(20) CHARACTER SET utf8 COLLATE utf8_general_ci NULL DEFAULT NULL COMMENT '模板地址',
  `group_id` int(10) NOT NULL COMMENT '组ID',
  `template_type` varchar(20) CHARACTER SET utf8 COLLATE utf8_general_ci NOT NULL COMMENT '模板类型',
  `CRT_TIME` datetime(0) NULL DEFAULT NULL COMMENT '创建时间',
  `MDF_TIME` datetime(0) NULL DEFAULT NULL COMMENT '修改时间',
  PRIMARY KEY (`ID`) USING BTREE
) ENGINE = InnoDB AUTO_INCREMENT = 28 CHARACTER SET = utf8 COLLATE = utf8_general_ci COMMENT = '模板' ROW_FORMAT = Compact;

-- ----------------------------
-- Records of t_code_template
-- ----------------------------
INSERT INTO `t_code_template` VALUES (4, 'GUNS-Controller模板-', 'controller', 5, 'beetl', NULL, '2018-01-29 14:49:25');
INSERT INTO `t_code_template` VALUES (5, 'GUNS-IService模板', 'service', 5, 'beetl', NULL, '2017-09-17 17:24:13');
INSERT INTO `t_code_template` VALUES (6, 'GUNS-ServiceImpl模板', 'service.impl', 5, 'beetl', NULL, '2017-09-17 17:24:20');
INSERT INTO `t_code_template` VALUES (7, 'GUNS-Dao模板', 'dao', 5, 'beetl', NULL, '2017-09-17 17:24:26');
INSERT INTO `t_code_template` VALUES (8, 'GUNS-Mapping模板', '', 5, 'beetl', NULL, '2017-09-17 18:27:06');
INSERT INTO `t_code_template` VALUES (9, 'GUNS-Page模板', '', 5, 'beetl', NULL, '2017-11-10 09:39:34');
INSERT INTO `t_code_template` VALUES (10, 'GUNS-Page Js模板', '', 5, 'beetl', NULL, '2017-09-17 17:25:08');
INSERT INTO `t_code_template` VALUES (11, 'GUNS-Page Add', '', 5, 'beetl', NULL, '2017-09-17 17:25:17');
INSERT INTO `t_code_template` VALUES (12, 'GUNS-Page Info Js模板', '', 5, 'beetl', NULL, '2017-09-17 17:25:26');
INSERT INTO `t_code_template` VALUES (13, 'GUNS-Page Edit', '', 5, 'beetl', NULL, '2017-09-17 17:25:36');
INSERT INTO `t_code_template` VALUES (14, 'GUNS-Model模板', 'model', 5, 'beetl', NULL, '2017-09-17 18:22:12');
INSERT INTO `t_code_template` VALUES (16, 'GUNS-Controller模板', 'controller', 5, 'beetl', '2018-01-26 21:56:23', '2017-09-17 17:23:57');
INSERT INTO `t_code_template` VALUES (17, 'GUNS-Controller模板', 'controller', 5, 'beetl', '2018-01-26 21:56:24', '2017-09-17 17:23:57');
INSERT INTO `t_code_template` VALUES (18, 'GUNS-Controller模板', 'controller', 5, 'beetl', '2018-01-26 21:56:24', '2017-09-17 17:23:57');
INSERT INTO `t_code_template` VALUES (19, 'GUNS-Controller模板', 'controller', 5, 'beetl', '2018-01-26 21:56:24', '2017-09-17 17:23:57');
INSERT INTO `t_code_template` VALUES (20, 'GUNS-Controller模板', 'controller', 5, 'beetl', '2018-01-26 21:56:24', '2017-09-17 17:23:57');
INSERT INTO `t_code_template` VALUES (21, 'GUNS-Controller模板', 'controller', 5, 'beetl', '2018-01-26 21:56:24', '2017-09-17 17:23:57');
INSERT INTO `t_code_template` VALUES (22, 'GUNS-Controller模板', 'controller', 5, 'beetl', '2018-01-26 21:56:24', '2017-09-17 17:23:57');
INSERT INTO `t_code_template` VALUES (23, 'GUNS-Controller模板', 'controller', 5, 'beetl', '2018-01-26 21:56:24', '2017-09-17 17:23:57');
INSERT INTO `t_code_template` VALUES (24, 'GUNS-Controller模板', 'controller', 5, 'beetl', '2018-01-26 21:56:24', '2017-09-17 17:23:57');
INSERT INTO `t_code_template` VALUES (25, 'GUNS-Controller模板', 'controller', 5, 'beetl', '2018-01-26 21:56:25', '2017-09-17 17:23:57');
INSERT INTO `t_code_template` VALUES (26, 'GUNS-Controller模板', 'controller', 5, 'beetl', '2018-01-26 21:56:25', '2017-09-17 17:23:57');
INSERT INTO `t_code_template` VALUES (27, 'GUNS-Controller模板', 'controller', 5, 'beetl', '2018-01-29 14:49:25', '2017-09-17 17:23:57');

-- ----------------------------
-- Table structure for t_code_template_file
-- ----------------------------
DROP TABLE IF EXISTS `t_code_template_file`;
CREATE TABLE `t_code_template_file`  (
  `id` int(10) NOT NULL AUTO_INCREMENT,
  `template_id` int(10) NOT NULL,
  `file` text CHARACTER SET utf8 COLLATE utf8_general_ci NULL COMMENT '文件内容',
  `file_type` varchar(20) CHARACTER SET utf8 COLLATE utf8_general_ci NULL DEFAULT NULL COMMENT '文件类型',
  `CRT_TIME` datetime(0) NULL DEFAULT NULL COMMENT '创建时间',
  `MDF_TIME` datetime(0) NULL DEFAULT NULL COMMENT '修改时间',
  PRIMARY KEY (`id`) USING BTREE
) ENGINE = InnoDB AUTO_INCREMENT = 33 CHARACTER SET = utf8 COLLATE = utf8_general_ci COMMENT = '模板文件内容' ROW_FORMAT = Compact;

-- ----------------------------
-- Records of t_code_template_file
-- ----------------------------
INSERT INTO `t_code_template_file` VALUES (6, 5, 'package ${g.codePackage}.service;\n\nimport com.baomidou.mybatisplus.plugins.pagination.Pagination;\nimport ${g.codePackage}.model.${g.entityName}Model;\nimport com.baomidou.mybatisplus.mapper.Wrapper;\n\nimport java.util.List;\nimport java.util.Map;\n\n\n/**\n * ${g.name}Service\n *\n * @author ${g.author}\n * @Date ${g.date}\n */\npublic interface I${g.entityName}Service {\n\n     /**\n     * <p>\n     * 插入一条记录\n     * </p>\n     *\n     * @param entity 实体对象\n     * @return int\n     */\n    Integer insert(${g.entityName}Model entity);\n\n    /**\n     * <p>\n     * 根据 ID 删除\n     * </p>\n     *\n     * @param id 主键ID\n     * @return int\n     */\n    Integer deleteById(Integer id);\n\n    /**\n     * <p>\n     * 根据 ID 修改\n     * </p>\n     *\n     * @param entity 实体对象\n     * @return int\n     */\n    Integer updateById(${g.entityName}Model entity);\n\n    /**\n     * <p>\n     * 根据 ID 查询\n     * </p>\n     *\n     * @param id 主键ID\n     * @return ${g.entityName}Model\n     */\n    ${g.entityName}Model selectById(Integer id);\n\n    /**\n     * <p>\n     * 根据 entity 条件，查询一条记录\n     * </p>\n     *\n     * @param entity 实体对象\n     * @return ${g.entityName}Model\n     */\n    ${g.entityName}Model selectOne(${g.entityName}Model entity);\n\n    /**\n     * <p>\n     * 根据 model 条件，查询总记录数\n     * </p>\n     *\n     * @param model 实体对象\n     * @return int\n     */\n    Integer selectCount(${g.entityName}Model model);\n\n    /**\n     * <p>\n     * 根据 entity 条件，查询全部记录\n     * </p>\n     *\n     * @param model 实体对象封装操作类（可以为 null）\n     * @return List<${g.entityName}Model>\n     */\n    List<${g.entityName}Model> selectList(${g.entityName}Model model);\n\n\n    /**\n     * <p>\n     * 根据 entity 条件，查询全部记录（并翻页）\n     * </p>\n     *\n     * @param pagination 分页查询条件\n     * @param model   实体对象封装操作可以为 null）\n     * @param wrapper   SQL包装\n     * @return List<${g.entityName}Model>\n     */\n    List<${g.entityName}Model> selectPage(Pagination pagination, ${g.entityName}Model model,Wrapper<${g.entityName}Model> wrapper);\n\n}\n', 'C', '2017-09-13 15:01:49', '2017-09-13 15:01:49');
INSERT INTO `t_code_template_file` VALUES (7, 6, 'package ${g.codePackage}.service.impl;\n\nimport com.baomidou.mybatisplus.mapper.Wrapper;\nimport com.baomidou.mybatisplus.plugins.pagination.Pagination;\nimport ${g.codePackage}.dao.${g.entityName}Dao;\nimport ${g.codePackage}.model.${g.entityName}Model;\nimport ${g.codePackage}.service.I${g.entityName}Service;\n\nimport org.springframework.beans.factory.annotation.Autowired;\nimport org.springframework.stereotype.Service;\n\nimport java.util.List;\nimport java.util.Map;\n/**\n * ${g.name}Service\n *\n * @author ${g.author}\n * @Date ${g.date}\n */\n@Service\npublic class ${g.entityName}ServiceImpl implements I${g.entityName}Service {\n\n    @Autowired\n    private ${g.entityName}Dao ${strutil.toLowerCase(strutil.subStringTo (g.entityName,0,1))}${strutil.subString  (g.entityName,1)}Dao;\n\n    @Override\n    public Integer insert(${g.entityName}Model entity) {\n        return ${strutil.toLowerCase(strutil.subStringTo (g.entityName,0,1))}${strutil.subString  (g.entityName,1)}Dao.insert(entity);\n    }\n\n    @Override\n    public Integer deleteById(Integer id) {\n        return ${strutil.toLowerCase(strutil.subStringTo (g.entityName,0,1))}${strutil.subString  (g.entityName,1)}Dao.deleteById(id);\n    }\n\n    @Override\n    public Integer updateById(${g.entityName}Model entity) {\n        return ${strutil.toLowerCase(strutil.subStringTo (g.entityName,0,1))}${strutil.subString  (g.entityName,1)}Dao.updateById(entity);\n    }\n\n    @Override\n    public ${g.entityName}Model selectById(Integer id) {\n        return ${strutil.toLowerCase(strutil.subStringTo (g.entityName,0,1))}${strutil.subString  (g.entityName,1)}Dao.selectById(id);\n    }\n\n    @Override\n    public ${g.entityName}Model selectOne(${g.entityName}Model entity) {\n        return ${strutil.toLowerCase(strutil.subStringTo (g.entityName,0,1))}${strutil.subString  (g.entityName,1)}Dao.selectOne(entity);\n    }\n\n    @Override\n    public Integer selectCount(${g.entityName}Model model) {\n        return ${strutil.toLowerCase(strutil.subStringTo (g.entityName,0,1))}${strutil.subString  (g.entityName,1)}Dao.selectCount(model);\n    }\n\n    @Override\n    public List<${g.entityName}Model> selectList(${g.entityName}Model model) {\n        return ${strutil.toLowerCase(strutil.subStringTo (g.entityName,0,1))}${strutil.subString  (g.entityName,1)}Dao.selectList(model);\n    }\n\n    @Override\n    public List<${g.entityName}Model> selectPage(Pagination pagination, ${g.entityName}Model model, Wrapper<${g.entityName}Model> wrapper) {\n        return ${strutil.toLowerCase(strutil.subStringTo (g.entityName,0,1))}${strutil.subString  (g.entityName,1)}Dao.selectPage(pagination,model,wrapper);\n    }\n\n}\n', 'Java', '2017-09-13 15:02:10', '2017-09-13 15:02:10');
INSERT INTO `t_code_template_file` VALUES (8, 7, 'package ${g.codePackage}.dao;\n\nimport com.baomidou.mybatisplus.mapper.BaseMapper;\nimport com.baomidou.mybatisplus.mapper.Wrapper;\nimport com.baomidou.mybatisplus.plugins.pagination.Pagination;\nimport ${g.codePackage}.model.${g.entityName}Model;\n\nimport org.apache.ibatis.annotations.Param;\nimport org.springframework.stereotype.Repository;\n\nimport java.util.List;\n\n/**\n * ${g.entityName}Dao\n *\n * @author ${g.author}\n * @Date ${g.date}\n */\n@Repository\npublic interface ${g.entityName}Dao extends BaseMapper<${g.entityName}Model>{\n\n    /**\n     * 统计数量\n     * @param model\n     * @return\n     */\n    Integer selectCount(@Param(\"e\")${g.entityName}Model model);\n\n    /**\n     * 查询列表\n     * @param model\n     * @return\n     */\n    List<${g.entityName}Model> selectList(@Param(\"e\")${g.entityName}Model model);\n\n    /**\n     * 分页查询信息\n     * @param pagination\n     * @param model\n     * @param wrapper\n     * @return\n     */\n    List<${g.entityName}Model> selectPage(@Param(\"p\")Pagination pagination,@Param(\"e\") ${g.entityName}Model model,@Param(\"w\") Wrapper<${g.entityName}Model> wrapper);\n\n}\n', 'Java', '2017-09-13 15:02:27', '2017-09-13 15:02:27');
INSERT INTO `t_code_template_file` VALUES (9, 8, '<?xml version=\"1.0\" encoding=\"UTF-8\"?>\n<!DOCTYPE mapper PUBLIC \"-//mybatis.org//DTD Mapper 3.0//EN\" \"http://mybatis.org/dtd/mybatis-3-mapper.dtd\">\n<mapper namespace=\"${g.codePackage}.dao.${g.entityName}Dao\">\n\n	<resultMap id=\"BaseResultMap\" type=\"${g.codePackage}.model.${g.entityName}Model\">\n		<%for(field in t.fields){%>\n		    <result column=\"${field.fieldName}\" property=\"${field.name}\" />\n		<%}%>\n	</resultMap>\n\n	\n	<select id=\"selectCount\" resultMap=\"BaseResultMap\">\n			select count(1) from ${strutil.toUpperCase(g.tableName)} t\n		<where>\n			<include refid=\"select_content\"/>\n		</where>\n	</select>\n	\n	<select id=\"selectList\" resultMap=\"BaseResultMap\">\n			select * from ${strutil.toUpperCase(g.tableName)} t\n		<where>\n			<include refid=\"select_content\"/>\n		</where>\n	</select>\n\n	<select id=\"selectPage\" resultMap=\"BaseResultMap\">\n			select * from ${strutil.toUpperCase(g.tableName)} t\n		<where>\n			<include refid=\"select_content\"/>\n			\\${w.sqlSegment}\n		</where>\n	</select>\n	\n	<sql id=\"select_content\">	\n			<%for(field in t.fields){%>\n				<if test=\"e.${field.name} != null and e.${field.name} != \'\' \">\n					AND t.${strutil.toUpperCase(field.fieldName)} = #{e.${field.name}}\n				</if>\n			<%}%>\n	</sql>\n\n</mapper>', 'Xml', '2017-09-13 15:02:42', '2017-09-13 15:02:42');
INSERT INTO `t_code_template_file` VALUES (11, 10, '/**\n * ${g.name}管理初始化\n */\nvar ${g.entityName} = {\n    id: \"${g.entityName}Table\",	//表格id\n    seItem: null,		//选中的条目\n    table: null,\n    layerIndex: -1\n};\n\n/**\n * 初始化表格的列\n */\n${g.entityName}.initColumn = function () {\n    return [\n        {field: \'selectItem\', radio: true},\n	<%for(field in t.fields){%>\n	     {title: \'${field.chinaName}\', field: \'${field.name}\', align: \'center\', valign: \'middle\'},\n	<%}%>\n    ];\n};\n\n/**\n * 检查是否选中\n */\n${g.entityName}.check = function () {\n    var selected = $(\'#\' + this.id).bootstrapTable(\'getSelections\');\n    if(selected.length == 0){\n        Feng.info(\"请先选中表格中的某一记录！\");\n        return false;\n    }else{\n        ${g.entityName}.seItem = selected[0];\n        return true;\n    }\n};\n\n/**\n * 点击添加${g.name}\n */\n${g.entityName}.openAdd${g.entityName} = function () {\n    var index = layer.open({\n        type: 2,\n        title: \'添加${g.name}\',\n        area: [\'800px\', \'420px\'], //宽高\n        fix: false, //不固定\n        maxmin: true,\n        content: Feng.ctxPath + \'/${strutil.toLowerCase(g.entityName)}/goto_add\'\n    });\n    this.layerIndex = index;\n};\n\n/**\n * 打开查看${g.name}详情\n */\n${g.entityName}.open${g.entityName}Detail = function () {\n    if (this.check()) {\n        var index = layer.open({\n            type: 2,\n            title: \'${g.name}详情\',\n            area: [\'800px\', \'420px\'], //宽高\n            fix: false, //不固定\n            maxmin: true,\n            content: Feng.ctxPath + \'/${strutil.toLowerCase(g.entityName)}/goto_update/\' + ${g.entityName}.seItem.id\n        });\n        this.layerIndex = index;\n    }\n};\n\n/**\n * 删除${g.name}\n */\n${g.entityName}.delete = function () {\n    if (this.check()) {\n        var ajax = new $ax(Feng.ctxPath + \"/${strutil.toLowerCase(g.entityName)}/delete\", function (data) {\n            Feng.success(\"删除成功!\");\n            ${g.entityName}.table.refresh();\n        }, function (data) {\n            Feng.error(\"删除失败!\" + data.responseJSON.message + \"!\");\n        });\n        ajax.set(\"${strutil.toLowerCase(g.entityName)}Id\",this.seItem.id);\n        ajax.start();\n    }\n};\n\n${g.entityName}.formParams = function() {\n    var queryData = {};\n    return queryData;\n};\n\n/**\n * 查询${g.name}列表\n */\n${g.entityName}.search = function () {\n    var queryData = {};\n    queryData[\'condition\'] = $(\"#condition\").val();\n    ${g.entityName}.table.refresh({query: queryData});\n};\n\n$(function () {\n    var defaultColunms = ${g.entityName}.initColumn();\n    var table = new BSTable(${g.entityName}.id, \"/${strutil.toLowerCase(g.entityName)}/list\", defaultColunms);\n    table.setPaginationType(\"server\");\n    table.setQueryParams(${g.entityName}.formParams());\n    ${g.entityName}.table = table.init();\n});\n', 'JavaScript', '2017-09-13 15:03:14', '2017-09-13 15:03:14');
INSERT INTO `t_code_template_file` VALUES (12, 11, '@layout(\"/common/_container.html\"){\n<div class=\"ibox float-e-margins\">\n    <div class=\"ibox-content\">\n        <div class=\"form-horizontal\">\n\n            <input type=\"hidden\" id=\"id\" value=\"\">\n\n            <div class=\"row\">\n                <div class=\"col-sm-6 b-r\">\n			<%for(field in t.fields){%>\n			     <${\"#\"}input id=\"${field.name}\" name=\"${field.chinaName}\" underline=\"true\"/>\n			<%}%>\n                </div>\n\n                <div class=\"col-sm-6\">\n\n                </div>\n            </div>\n\n            <div class=\"row btn-group-m-t\">\n                <div class=\"col-sm-10\">\n                    <${\"#\"}button btnCss=\"info\" name=\"提交\" id=\"ensure\" icon=\"fa-check\" clickFun=\"${g.entityName}InfoDlg.addSubmit()\"/>\n                    <${\"#\"}button btnCss=\"danger\" name=\"取消\" id=\"cancel\" icon=\"fa-eraser\" clickFun=\"${g.entityName}InfoDlg.close()\"/>\n                </div>\n            </div>\n        </div>\n\n    </div>\n</div>\n< src=\"\\${ctxPath}/static/modular/biz/${strutil.toLowerCase(g.entityName)}/${strutil.toLowerCase(g.entityName)}_info.js\"></>\n@}\n', 'Html', '2017-09-13 15:03:42', '2017-09-13 15:03:42');
INSERT INTO `t_code_template_file` VALUES (13, 12, '/**\n * 初始化${g.name}详情对话框\n */\nvar ${g.entityName}InfoDlg = {\n    ${strutil.toUpperCase(strutil.subStringTo (g.entityName,0,1))}${strutil.subString  (g.entityName,1)}InfoData : {}\n};\n\n/**\n * 清除数据\n */\n${g.entityName}InfoDlg.clearData = function() {\n    this.${strutil.toUpperCase(strutil.subStringTo (g.entityName,0,1))}${strutil.subString  (g.entityName,1)}InfoData = {};\n}\n\n/**\n * 设置对话框中的数据\n *\n * @param key 数据的名称\n * @param val 数据的具体值\n */\n${g.entityName}InfoDlg.set = function(key, val) {\n    this.${strutil.toUpperCase(strutil.subStringTo (g.entityName,0,1))}${strutil.subString  (g.entityName,1)}InfoData[key] = (typeof val == \"undefined\") ? $(\"#\" + key).val() : val;\n    return this;\n}\n\n/**\n * 设置对话框中的数据\n *\n * @param key 数据的名称\n * @param val 数据的具体值\n */\n${g.entityName}InfoDlg.get = function(key) {\n    return $(\"#\" + key).val();\n}\n\n/**\n * 关闭此对话框\n */\n${g.entityName}InfoDlg.close = function() {\n    parent.layer.close(window.parent.${g.entityName}.layerIndex);\n}\n\n/**\n * 收集数据\n */\n${g.entityName}InfoDlg.collectData = function() {\n    this.set(\'id\');\n}\n\n/**\n * 提交添加\n */\n${g.entityName}InfoDlg.addSubmit = function() {\n\n    this.clearData();\n    this.collectData();\n\n    //提交信息\n    var ajax = new $ax(Feng.ctxPath + \"/${strutil.toUpperCase(strutil.subStringTo (g.entityName,0,1))}${strutil.subString  (g.entityName,1)}/add\", function(data){\n        Feng.success(\"添加成功!\");\n        window.parent.${g.entityName}.table.refresh();\n        ${g.entityName}InfoDlg.close();\n    },function(data){\n        Feng.error(\"添加失败!\" + data.responseJSON.message + \"!\");\n    });\n    ajax.set(this.${strutil.toUpperCase(strutil.subStringTo (g.entityName,0,1))}${strutil.subString  (g.entityName,1)}InfoData);\n    ajax.start();\n}\n\n/**\n * 提交修改\n */\n${g.entityName}InfoDlg.editSubmit = function() {\n\n    this.clearData();\n    this.collectData();\n\n    //提交信息\n    var ajax = new $ax(Feng.ctxPath + \"/${strutil.toUpperCase(strutil.subStringTo (g.entityName,0,1))}${strutil.subString  (g.entityName,1)}/update\", function(data){\n        Feng.success(\"修改成功!\");\n        window.parent.${g.entityName}.table.refresh();\n        ${g.entityName}InfoDlg.close();\n    },function(data){\n        Feng.error(\"修改失败!\" + data.responseJSON.message + \"!\");\n    });\n    ajax.set(this.${strutil.toUpperCase(strutil.subStringTo (g.entityName,0,1))}${strutil.subString  (g.entityName,1)}InfoData);\n    ajax.start();\n}\n\n$(function() {\n\n});\n', 'JavaScript', '2017-09-13 15:03:56', '2017-09-13 15:03:56');
INSERT INTO `t_code_template_file` VALUES (14, 13, '@layout(\"/common/_container.html\"){\n<div class=\"ibox float-e-margins\">\n    <div class=\"ibox-content\">\n        <div class=\"form-horizontal\">\n\n            <input type=\"hidden\" id=\"id\" value=\"\\${${strutil.toLowerCase(g.entityName)}.id}\">\n\n            <div class=\"row\">\n                <div class=\"col-sm-6 b-r\">\n			<%for(field in t.fields){%>\n			     <${\"#\"}input id=\"${field.name}\" name=\"${field.chinaName}\" underline=\"true\" value=\"\\${${strutil.toLowerCase(g.entityName)}.${field.name}}\"/>\n			<%}%>\n                </div>\n\n                <div class=\"col-sm-6\">\n\n                </div>\n            </div>\n\n            <div class=\"row btn-group-m-t\">\n                <div class=\"col-sm-10\">\n                    <${\"#\"}button btnCss=\"info\" name=\"提交\" id=\"ensure\" icon=\"fa-check\" clickFun=\"${g.entityName}InfoDlg.editSubmit()\"/>\n                    <${\"#\"}button btnCss=\"danger\" name=\"取消\" id=\"cancel\" icon=\"fa-eraser\" clickFun=\"${g.entityName}InfoDlg.close()\"/>\n                </div>\n            </div>\n        </div>\n\n    </div>\n</div>\n< src=\"\\${ctxPath}/static/modular/biz/${strutil.toLowerCase(g.entityName)}/${strutil.toLowerCase(g.entityName)}_info.js\"></>\n@}\n', 'Html', '2017-09-13 15:04:08', '2017-09-13 15:04:08');
INSERT INTO `t_code_template_file` VALUES (15, 14, 'package ${g.codePackage}.model;\n\nimport com.baomidou.mybatisplus.activerecord.Model;\nimport com.baomidou.mybatisplus.annotations.TableId;\nimport com.baomidou.mybatisplus.annotations.TableField;\nimport com.baomidou.mybatisplus.annotations.TableName;\nimport com.baomidou.mybatisplus.enums.IdType;\n\nimport org.apache.commons.lang3.builder.ReflectionToStringBuilder;\n\nimport java.io.Serializable;\nimport java.util.Date;\n\n/**\n * ${g.name}\n *\n * @author ${g.author}\n * @Date ${g.date}\n */\n@TableName(\"${g.tableName}\")\npublic class ${g.entityName}Model extends Model<${g.entityName}Model> {\n\n    private static final long serialVersionUID = 1L;\n\n	\n		<%for(field in t.fields){%>\n		     /**\n		     * ${field.chinaName}\n		     * ${field.comment}\n		     */\n			<%if (field.name == \'id\') {%>\n			@TableId(value = \"id\",type = IdType.AUTO)\n			<%}else{%>\n			@TableField(value=\"${field.fieldName}\")\n			<%}%>\n			private ${field.type} ${field.name};\n		\n		<%}%>\n    \n		<%for(field in t.fields){%>\n		     /**\n		     * 获取: ${field.chinaName}\n		     * ${field.comment}\n		     */\n		    public ${field.type} get${strutil.toUpperCase(strutil.subStringTo (field.name,0,1))}${strutil.subString  (field.name,1)}() {\n			return ${field.name};\n		    }\n		     /**\n		     * 设置: ${field.chinaName}\n		     * ${field.comment}\n		     */\n		    public void set${strutil.toUpperCase(strutil.subStringTo (field.name,0,1))}${strutil.subString  (field.name,1)}(${field.type} ${field.name}) {\n			this.${field.name} = ${field.name};\n		    }\n		<%}%>\n       \n \n   \n\n	@Override\n	protected Serializable pkVal() {\n		return this.id;\n	}\n\n	@Override\n	public String toString() {\n		return ReflectionToStringBuilder.toString(this);\n	}\n}\n', 'Java', '2017-09-13 15:04:23', '2017-09-13 15:04:23');
INSERT INTO `t_code_template_file` VALUES (17, 4, 'package ${g.codePackage}.controller;\n\nimport com.baomidou.mybatisplus.mapper.EntityWrapper;\nimport com.baomidou.mybatisplus.plugins.Page;\nimport com.baomidou.mybatisplus.plugins.pagination.Pagination;\nimport com.stylefeng.guns.common.annotion.Permission;\nimport com.stylefeng.guns.common.annotion.log.BussinessLog;\nimport com.stylefeng.guns.common.constant.factory.PageFactory;\nimport com.stylefeng.guns.common.constant.state.BizLogType;\nimport com.stylefeng.guns.common.controller.BaseController;\nimport com.stylefeng.guns.common.exception.BizExceptionEnum;\nimport com.stylefeng.guns.common.exception.BussinessException;\nimport com.stylefeng.guns.common.persistence.model.OperationLog;\nimport com.stylefeng.guns.core.util.ToolUtil;\nimport ${g.codePackage}.model.${g.entityName}Model;\nimport ${g.codePackage}.service.I${g.entityName}Service;\n\nimport org.springframework.beans.factory.annotation.Autowired;\nimport org.springframework.stereotype.Controller;\nimport org.springframework.ui.Model;\nimport org.springframework.web.bind.annotation.PathVariable;\nimport org.springframework.web.bind.annotation.RequestMapping;\nimport org.springframework.web.bind.annotation.RequestParam;\nimport org.springframework.web.bind.annotation.ResponseBody;\n\nimport javax.annotation.Resource;\nimport java.util.List;\nimport java.util.Map;\n\n/**\n * ${g.name}控制器\n *\n * @author ${g.author}\n * @Date ${g.date}\n */\n@Controller\n@RequestMapping(\"/${strutil.toLowerCase(g.entityName)}\")\npublic class ${g.entityName}Controller extends BaseController {\n\n    private static final Logger LOGGER = LoggerFactory.getLogger(${g.entityName}Controller.class);\n\n    private String PREFIX = \"/biz/${strutil.toLowerCase(g.entityName)}/\";\n\n    @Autowired\n    private I${g.entityName}Service ${strutil.toLowerCase(strutil.subStringTo (g.entityName,0,1))}${strutil.subString  (g.entityName,1)}Service;\n\n    /**\n     * 跳转到首页\n     */\n    @RequestMapping(\"\")\n    public String index() {\n        return PREFIX + \"${strutil.toLowerCase(g.entityName)}.html\";\n    }\n\n    /**\n     * 跳转到添加\n     */\n    @RequestMapping(\"/goto_add\")\n    public String ${g.entityName}Add() {\n        return PREFIX + \"${strutil.toLowerCase(g.entityName)}_add.html\";\n    }\n\n    /**\n     * 跳转到修改\n     */\n    @RequestMapping(\"/goto_update/{id}\")\n    public String ${g.entityName}Update(@PathVariable Integer id, Model model) {\n	model.addAttribute(\"${strutil.toLowerCase(g.entityName)}\", ${strutil.toLowerCase(strutil.subStringTo (g.entityName,0,1))}${strutil.subString  (g.entityName,1)}Service.selectById(id));\n        return PREFIX + \"${strutil.toLowerCase(g.entityName)}_edit.html\";\n    }\n\n    /**\n     * 获取列表\n     */\n    @RequestMapping(value = \"/list\")\n    @ResponseBody\n    public Object list(${g.entityName}Model model) {\n        Page<${g.entityName}Model> page = new PageFactory<${g.entityName}Model>().defaultPage();\n        page.setRecords(${strutil.toLowerCase(strutil.subStringTo (g.entityName,0,1))}${strutil.subString  (g.entityName,1)}Service.selectPage(page,model,new EntityWrapper<${g.entityName}Model>()));\n        return super.packForBT(page);\n    }\n\n\n    @BussinessLog(value = \"${g.name}新增\", key = \"companyid\" )\n    @RequestMapping(value = \"/add\")\n    @Permission\n    @ResponseBody\n    public Object add(${g.entityName}Model model) {\n        ${strutil.toLowerCase(strutil.subStringTo (g.entityName,0,1))}${strutil.subString  (g.entityName,1)}Service.insert(model);\n        return SUCCESS_TIP;\n    }\n\n\n    @BussinessLog(value = \"${g.name}删除\", key = \"id\" )\n    @RequestMapping(value = \"/delete\")\n    @Permission\n    @ResponseBody\n    public Object delete(Integer id) {\n        ${strutil.toLowerCase(strutil.subStringTo (g.entityName,0,1))}${strutil.subString  (g.entityName,1)}Service.deleteById(id);\n        return SUCCESS_TIP;\n    }\n\n\n    @BussinessLog(value = \"${g.name}修改\", key = \"id\" )\n    @RequestMapping(value = \"/update\")\n    @Permission\n    @ResponseBody\n    public Object update(${g.entityName}Model model) {\n        if (ToolUtil.isOneEmpty(model.getId())) {\n            throw new BussinessException(BizExceptionEnum.REQUEST_NULL);\n        }\n        ${strutil.toLowerCase(strutil.subStringTo (g.entityName,0,1))}${strutil.subString  (g.entityName,1)}Service.updateById(model);\n        return super.SUCCESS_TIP;\n    }\n\n    /**\n     * 详情\n     */\n    @RequestMapping(value = \"/detail\")\n    @ResponseBody\n    public Object detail(${g.entityName}Model model) {\n        return ${strutil.toLowerCase(strutil.subStringTo (g.entityName,0,1))}${strutil.subString  (g.entityName,1)}Service.selectOne(model);\n    }\n}\n', 'Java', '2017-09-14 16:40:20', '2017-09-14 16:40:20');
INSERT INTO `t_code_template_file` VALUES (18, 34, 'package ${g.codePackage}.controller;\n\nimport com.baomidou.mybatisplus.mapper.EntityWrapper;\nimport com.baomidou.mybatisplus.plugins.Page;\nimport com.baomidou.mybatisplus.plugins.pagination.Pagination;\nimport com.stylefeng.guns.common.annotion.Permission;\nimport com.stylefeng.guns.common.annotion.log.BussinessLog;\nimport com.stylefeng.guns.common.constant.factory.PageFactory;\nimport com.stylefeng.guns.common.constant.state.BizLogType;\nimport com.stylefeng.guns.common.controller.BaseController;\nimport com.stylefeng.guns.common.exception.BizExceptionEnum;\nimport com.stylefeng.guns.common.exception.BussinessException;\nimport com.stylefeng.guns.common.persistence.model.OperationLog;\nimport com.stylefeng.guns.core.util.ToolUtil;\nimport ${g.codePackage}.model.${g.entityName}Model;\nimport ${g.codePackage}.service.I${g.entityName}Service;\n\nimport org.springframework.beans.factory.annotation.Autowired;\nimport org.springframework.stereotype.Controller;\nimport org.springframework.ui.Model;\nimport org.springframework.web.bind.annotation.PathVariable;\nimport org.springframework.web.bind.annotation.RequestMapping;\nimport org.springframework.web.bind.annotation.RequestParam;\nimport org.springframework.web.bind.annotation.ResponseBody;\n\nimport javax.annotation.Resource;\nimport java.util.List;\nimport java.util.Map;\n\n/**\n * ${g.name}控制器\n *\n * @author ${g.author}\n * @Date ${g.date}\n */\n@Controller\n@RequestMapping(\"/${strutil.toLowerCase(g.entityName)}\")\npublic class ${g.entityName}Controller extends BaseController {\n\n    private static final Logger LOGGER = LoggerFactory.getLogger(${g.entityName}Controller.class);\n\n    private String PREFIX = \"/biz/${strutil.toLowerCase(g.entityName)}/\";\n\n    @Autowired\n    private I${g.entityName}Service ${strutil.toLowerCase(strutil.subStringTo (g.entityName,0,1))}${strutil.subString  (g.entityName,1)}Service;\n\n    /**\n     * 跳转到首页\n     */\n    @RequestMapping(\"\")\n    public String index() {\n        return PREFIX + \"${strutil.toLowerCase(g.entityName)}.html\";\n    }\n\n    /**\n     * 跳转到添加\n     */\n    @RequestMapping(\"/goto_add\")\n    public String ${g.entityName}Add() {\n        return PREFIX + \"${strutil.toLowerCase(g.entityName)}_add.html\";\n    }\n\n    /**\n     * 跳转到修改\n     */\n    @RequestMapping(\"/goto_update/{id}\")\n    public String ${g.entityName}Update(@PathVariable Integer id, Model model) {\n	model.addAttribute(\"${strutil.toLowerCase(g.entityName)}\", ${strutil.toLowerCase(strutil.subStringTo (g.entityName,0,1))}${strutil.subString  (g.entityName,1)}Service.selectById(id));\n        return PREFIX + \"${strutil.toLowerCase(g.entityName)}_edit.html\";\n    }\n\n    /**\n     * 获取列表\n     */\n    @RequestMapping(value = \"/list\")\n    @ResponseBody\n    public Object list(${g.entityName}Model model) {\n        Page<${g.entityName}Model> page = new PageFactory<${g.entityName}Model>().defaultPage();\n        page.setRecords(${strutil.toLowerCase(strutil.subStringTo (g.entityName,0,1))}${strutil.subString  (g.entityName,1)}Service.selectPage(page,model,new EntityWrapper<${g.entityName}Model>()));\n        return super.packForBT(page);\n    }\n\n\n    @BussinessLog(value = \"${g.name}新增\", key = \"companyid\" )\n    @RequestMapping(value = \"/add\")\n    @Permission\n    @ResponseBody\n    public Object add(${g.entityName}Model model) {\n        ${strutil.toLowerCase(strutil.subStringTo (g.entityName,0,1))}${strutil.subString  (g.entityName,1)}Service.insert(model);\n        return SUCCESS_TIP;\n    }\n\n\n    @BussinessLog(value = \"${g.name}删除\", key = \"id\" )\n    @RequestMapping(value = \"/delete\")\n    @Permission\n    @ResponseBody\n    public Object delete(Integer id) {\n        ${strutil.toLowerCase(strutil.subStringTo (g.entityName,0,1))}${strutil.subString  (g.entityName,1)}Service.deleteById(id);\n        return SUCCESS_TIP;\n    }\n\n\n    @BussinessLog(value = \"${g.name}修改\", key = \"id\" )\n    @RequestMapping(value = \"/update\")\n    @Permission\n    @ResponseBody\n    public Object update(${g.entityName}Model model) {\n        if (ToolUtil.isOneEmpty(model.getId())) {\n            throw new BussinessException(BizExceptionEnum.REQUEST_NULL);\n        }\n        ${strutil.toLowerCase(strutil.subStringTo (g.entityName,0,1))}${strutil.subString  (g.entityName,1)}Service.updateById(model);\n        return super.SUCCESS_TIP;\n    }\n\n    /**\n     * 详情\n     */\n    @RequestMapping(value = \"/detail\")\n    @ResponseBody\n    public Object detail(${g.entityName}Model model) {\n        return ${strutil.toLowerCase(strutil.subStringTo (g.entityName,0,1))}${strutil.subString  (g.entityName,1)}Service.selectOne(model);\n    }\n}\n', 'Java', '2017-10-24 16:00:35', NULL);
INSERT INTO `t_code_template_file` VALUES (20, 9, '@layout(\"/common/_container.html\"){\n<div class=\"row\">\n    <div class=\"col-sm-12\">\n        <div class=\"ibox float-e-margins\">\n            <div class=\"ibox-title\">\n                <h5>${g.name}管理</h5>\n            </div>\n            <div class=\"ibox-content\">\n                <div class=\"row row-lg\">\n                    <div class=\"col-sm-12\">\n                        <div class=\"row\">\n                            <div class=\"col-sm-3\">\n                                <${\"#\"}NameCon id=\"condition\" name=\"名称\" />\n                            </div>\n                            <div class=\"col-sm-3\">\n                                <${\"#\"}button name=\"搜索\" icon=\"fa-search\" clickFun=\"${g.entityName}.search()\"/>\n                            </div>\n                        </div>\n                        <div class=\"hidden-xs\" id=\"${g.entityName}TableToolbar\" role=\"group\">\n                            @if(shiro.hasPermission(\"/${strutil.toLowerCase(g.entityName)}/add\")){\n                                <${\"#\"}button name=\"添加\" icon=\"fa-plus\" clickFun=\"${g.entityName}.openAdd${g.entityName}()\"/>\n                            @}\n                            @if(shiro.hasPermission(\"/${strutil.toLowerCase(g.entityName)}/update\")){\n                                <${\"#\"}button name=\"修改\" icon=\"fa-plus\" clickFun=\"${g.entityName}.open${g.entityName}Detail()\" space=\"true\"/>\n                            @}\n                            @if(shiro.hasPermission(\"/${strutil.toLowerCase(g.entityName)}/delete\")){\n                                <${\"#\"}button name=\"删除\" icon=\"fa-plus\" clickFun=\"${g.entityName}.delete()\" space=\"true\"/>\n                            @}\n                        </div>\n                        <${\"#\"}table id=\"${g.entityName}Table\"/>\n                    </div>\n                </div>\n            </div>\n        </div>\n    </div>\n</div>\n<script  src=\"\\${ctxPath}/static/modular/biz/${strutil.toLowerCase(g.entityName)}/${strutil.toLowerCase(g.entityName)}.js\"></script >\n@}\n', 'Html', '2017-11-10 09:39:34', '2017-11-10 09:38:00');
INSERT INTO `t_code_template_file` VALUES (21, 16, 'package ${g.codePackage}.controller;\n\nimport com.baomidou.mybatisplus.mapper.EntityWrapper;\nimport com.baomidou.mybatisplus.plugins.Page;\nimport com.baomidou.mybatisplus.plugins.pagination.Pagination;\nimport com.stylefeng.guns.common.annotion.Permission;\nimport com.stylefeng.guns.common.annotion.log.BussinessLog;\nimport com.stylefeng.guns.common.constant.factory.PageFactory;\nimport com.stylefeng.guns.common.constant.state.BizLogType;\nimport com.stylefeng.guns.common.controller.BaseController;\nimport com.stylefeng.guns.common.exception.BizExceptionEnum;\nimport com.stylefeng.guns.common.exception.BussinessException;\nimport com.stylefeng.guns.common.persistence.model.OperationLog;\nimport com.stylefeng.guns.core.util.ToolUtil;\nimport ${g.codePackage}.model.${g.entityName}Model;\nimport ${g.codePackage}.service.I${g.entityName}Service;\n\nimport org.springframework.beans.factory.annotation.Autowired;\nimport org.springframework.stereotype.Controller;\nimport org.springframework.ui.Model;\nimport org.springframework.web.bind.annotation.PathVariable;\nimport org.springframework.web.bind.annotation.RequestMapping;\nimport org.springframework.web.bind.annotation.RequestParam;\nimport org.springframework.web.bind.annotation.ResponseBody;\n\nimport javax.annotation.Resource;\nimport java.util.List;\nimport java.util.Map;\n\n/**\n * ${g.name}控制器\n *\n * @author ${g.author}\n * @Date ${g.date}\n */\n@Controller\n@RequestMapping(\"/${strutil.toLowerCase(g.entityName)}\")\npublic class ${g.entityName}Controller extends BaseController {\n\n    private static final Logger LOGGER = LoggerFactory.getLogger(${g.entityName}Controller.class);\n\n    private String PREFIX = \"/biz/${strutil.toLowerCase(g.entityName)}/\";\n\n    @Autowired\n    private I${g.entityName}Service ${strutil.toLowerCase(strutil.subStringTo (g.entityName,0,1))}${strutil.subString  (g.entityName,1)}Service;\n\n    /**\n     * 跳转到首页\n     */\n    @RequestMapping(\"\")\n    public String index() {\n        return PREFIX + \"${strutil.toLowerCase(g.entityName)}.html\";\n    }\n\n    /**\n     * 跳转到添加\n     */\n    @RequestMapping(\"/goto_add\")\n    public String ${g.entityName}Add() {\n        return PREFIX + \"${strutil.toLowerCase(g.entityName)}_add.html\";\n    }\n\n    /**\n     * 跳转到修改\n     */\n    @RequestMapping(\"/goto_update/{id}\")\n    public String ${g.entityName}Update(@PathVariable Integer id, Model model) {\n	model.addAttribute(\"${strutil.toLowerCase(g.entityName)}\", ${strutil.toLowerCase(strutil.subStringTo (g.entityName,0,1))}${strutil.subString  (g.entityName,1)}Service.selectById(id));\n        return PREFIX + \"${strutil.toLowerCase(g.entityName)}_edit.html\";\n    }\n\n    /**\n     * 获取列表\n     */\n    @RequestMapping(value = \"/list\")\n    @ResponseBody\n    public Object list(${g.entityName}Model model) {\n        Page<${g.entityName}Model> page = new PageFactory<${g.entityName}Model>().defaultPage();\n        page.setRecords(${strutil.toLowerCase(strutil.subStringTo (g.entityName,0,1))}${strutil.subString  (g.entityName,1)}Service.selectPage(page,model,new EntityWrapper<${g.entityName}Model>()));\n        return super.packForBT(page);\n    }\n\n\n    @BussinessLog(value = \"${g.name}新增\", key = \"companyid\" )\n    @RequestMapping(value = \"/add\")\n    @Permission\n    @ResponseBody\n    public Object add(${g.entityName}Model model) {\n        ${strutil.toLowerCase(strutil.subStringTo (g.entityName,0,1))}${strutil.subString  (g.entityName,1)}Service.insert(model);\n        return SUCCESS_TIP;\n    }\n\n\n    @BussinessLog(value = \"${g.name}删除\", key = \"id\" )\n    @RequestMapping(value = \"/delete\")\n    @Permission\n    @ResponseBody\n    public Object delete(Integer id) {\n        ${strutil.toLowerCase(strutil.subStringTo (g.entityName,0,1))}${strutil.subString  (g.entityName,1)}Service.deleteById(id);\n        return SUCCESS_TIP;\n    }\n\n\n    @BussinessLog(value = \"${g.name}修改\", key = \"id\" )\n    @RequestMapping(value = \"/update\")\n    @Permission\n    @ResponseBody\n    public Object update(${g.entityName}Model model) {\n        if (ToolUtil.isOneEmpty(model.getId())) {\n            throw new BussinessException(BizExceptionEnum.REQUEST_NULL);\n        }\n        ${strutil.toLowerCase(strutil.subStringTo (g.entityName,0,1))}${strutil.subString  (g.entityName,1)}Service.updateById(model);\n        return super.SUCCESS_TIP;\n    }\n\n    /**\n     * 详情\n     */\n    @RequestMapping(value = \"/detail\")\n    @ResponseBody\n    public Object detail(${g.entityName}Model model) {\n        return ${strutil.toLowerCase(strutil.subStringTo (g.entityName,0,1))}${strutil.subString  (g.entityName,1)}Service.selectOne(model);\n    }\n}\n', 'Java', '2018-01-26 21:56:24', NULL);
INSERT INTO `t_code_template_file` VALUES (22, 17, 'package ${g.codePackage}.service;\n\nimport com.baomidou.mybatisplus.plugins.pagination.Pagination;\nimport ${g.codePackage}.model.${g.entityName}Model;\nimport com.baomidou.mybatisplus.mapper.Wrapper;\n\nimport java.util.List;\nimport java.util.Map;\n\n\n/**\n * ${g.name}Service\n *\n * @author ${g.author}\n * @Date ${g.date}\n */\npublic interface I${g.entityName}Service {\n\n     /**\n     * <p>\n     * 插入一条记录\n     * </p>\n     *\n     * @param entity 实体对象\n     * @return int\n     */\n    Integer insert(${g.entityName}Model entity);\n\n    /**\n     * <p>\n     * 根据 ID 删除\n     * </p>\n     *\n     * @param id 主键ID\n     * @return int\n     */\n    Integer deleteById(Integer id);\n\n    /**\n     * <p>\n     * 根据 ID 修改\n     * </p>\n     *\n     * @param entity 实体对象\n     * @return int\n     */\n    Integer updateById(${g.entityName}Model entity);\n\n    /**\n     * <p>\n     * 根据 ID 查询\n     * </p>\n     *\n     * @param id 主键ID\n     * @return ${g.entityName}Model\n     */\n    ${g.entityName}Model selectById(Integer id);\n\n    /**\n     * <p>\n     * 根据 entity 条件，查询一条记录\n     * </p>\n     *\n     * @param entity 实体对象\n     * @return ${g.entityName}Model\n     */\n    ${g.entityName}Model selectOne(${g.entityName}Model entity);\n\n    /**\n     * <p>\n     * 根据 model 条件，查询总记录数\n     * </p>\n     *\n     * @param model 实体对象\n     * @return int\n     */\n    Integer selectCount(${g.entityName}Model model);\n\n    /**\n     * <p>\n     * 根据 entity 条件，查询全部记录\n     * </p>\n     *\n     * @param model 实体对象封装操作类（可以为 null）\n     * @return List<${g.entityName}Model>\n     */\n    List<${g.entityName}Model> selectList(${g.entityName}Model model);\n\n\n    /**\n     * <p>\n     * 根据 entity 条件，查询全部记录（并翻页）\n     * </p>\n     *\n     * @param pagination 分页查询条件\n     * @param model   实体对象封装操作可以为 null）\n     * @param wrapper   SQL包装\n     * @return List<${g.entityName}Model>\n     */\n    List<${g.entityName}Model> selectPage(Pagination pagination, ${g.entityName}Model model,Wrapper<${g.entityName}Model> wrapper);\n\n}\n', 'C', '2018-01-26 21:56:24', NULL);
INSERT INTO `t_code_template_file` VALUES (23, 18, 'package ${g.codePackage}.service.impl;\n\nimport com.baomidou.mybatisplus.mapper.Wrapper;\nimport com.baomidou.mybatisplus.plugins.pagination.Pagination;\nimport ${g.codePackage}.dao.${g.entityName}Dao;\nimport ${g.codePackage}.model.${g.entityName}Model;\nimport ${g.codePackage}.service.I${g.entityName}Service;\n\nimport org.springframework.beans.factory.annotation.Autowired;\nimport org.springframework.stereotype.Service;\n\nimport java.util.List;\nimport java.util.Map;\n/**\n * ${g.name}Service\n *\n * @author ${g.author}\n * @Date ${g.date}\n */\n@Service\npublic class ${g.entityName}ServiceImpl implements I${g.entityName}Service {\n\n    @Autowired\n    private ${g.entityName}Dao ${strutil.toLowerCase(strutil.subStringTo (g.entityName,0,1))}${strutil.subString  (g.entityName,1)}Dao;\n\n    @Override\n    public Integer insert(${g.entityName}Model entity) {\n        return ${strutil.toLowerCase(strutil.subStringTo (g.entityName,0,1))}${strutil.subString  (g.entityName,1)}Dao.insert(entity);\n    }\n\n    @Override\n    public Integer deleteById(Integer id) {\n        return ${strutil.toLowerCase(strutil.subStringTo (g.entityName,0,1))}${strutil.subString  (g.entityName,1)}Dao.deleteById(id);\n    }\n\n    @Override\n    public Integer updateById(${g.entityName}Model entity) {\n        return ${strutil.toLowerCase(strutil.subStringTo (g.entityName,0,1))}${strutil.subString  (g.entityName,1)}Dao.updateById(entity);\n    }\n\n    @Override\n    public ${g.entityName}Model selectById(Integer id) {\n        return ${strutil.toLowerCase(strutil.subStringTo (g.entityName,0,1))}${strutil.subString  (g.entityName,1)}Dao.selectById(id);\n    }\n\n    @Override\n    public ${g.entityName}Model selectOne(${g.entityName}Model entity) {\n        return ${strutil.toLowerCase(strutil.subStringTo (g.entityName,0,1))}${strutil.subString  (g.entityName,1)}Dao.selectOne(entity);\n    }\n\n    @Override\n    public Integer selectCount(${g.entityName}Model model) {\n        return ${strutil.toLowerCase(strutil.subStringTo (g.entityName,0,1))}${strutil.subString  (g.entityName,1)}Dao.selectCount(model);\n    }\n\n    @Override\n    public List<${g.entityName}Model> selectList(${g.entityName}Model model) {\n        return ${strutil.toLowerCase(strutil.subStringTo (g.entityName,0,1))}${strutil.subString  (g.entityName,1)}Dao.selectList(model);\n    }\n\n    @Override\n    public List<${g.entityName}Model> selectPage(Pagination pagination, ${g.entityName}Model model, Wrapper<${g.entityName}Model> wrapper) {\n        return ${strutil.toLowerCase(strutil.subStringTo (g.entityName,0,1))}${strutil.subString  (g.entityName,1)}Dao.selectPage(pagination,model,wrapper);\n    }\n\n}\n', 'Java', '2018-01-26 21:56:24', NULL);
INSERT INTO `t_code_template_file` VALUES (24, 19, 'package ${g.codePackage}.dao;\n\nimport com.baomidou.mybatisplus.mapper.BaseMapper;\nimport com.baomidou.mybatisplus.mapper.Wrapper;\nimport com.baomidou.mybatisplus.plugins.pagination.Pagination;\nimport ${g.codePackage}.model.${g.entityName}Model;\n\nimport org.apache.ibatis.annotations.Param;\nimport org.springframework.stereotype.Repository;\n\nimport java.util.List;\n\n/**\n * ${g.entityName}Dao\n *\n * @author ${g.author}\n * @Date ${g.date}\n */\n@Repository\npublic interface ${g.entityName}Dao extends BaseMapper<${g.entityName}Model>{\n\n    /**\n     * 统计数量\n     * @param model\n     * @return\n     */\n    Integer selectCount(@Param(\"e\")${g.entityName}Model model);\n\n    /**\n     * 查询列表\n     * @param model\n     * @return\n     */\n    List<${g.entityName}Model> selectList(@Param(\"e\")${g.entityName}Model model);\n\n    /**\n     * 分页查询信息\n     * @param pagination\n     * @param model\n     * @param wrapper\n     * @return\n     */\n    List<${g.entityName}Model> selectPage(@Param(\"p\")Pagination pagination,@Param(\"e\") ${g.entityName}Model model,@Param(\"w\") Wrapper<${g.entityName}Model> wrapper);\n\n}\n', 'Java', '2018-01-26 21:56:24', NULL);
INSERT INTO `t_code_template_file` VALUES (25, 20, '<?xml version=\"1.0\" encoding=\"UTF-8\"?>\n<!DOCTYPE mapper PUBLIC \"-//mybatis.org//DTD Mapper 3.0//EN\" \"http://mybatis.org/dtd/mybatis-3-mapper.dtd\">\n<mapper namespace=\"${g.codePackage}.dao.${g.entityName}Dao\">\n\n	<resultMap id=\"BaseResultMap\" type=\"${g.codePackage}.model.${g.entityName}Model\">\n		<%for(field in t.fields){%>\n		    <result column=\"${field.fieldName}\" property=\"${field.name}\" />\n		<%}%>\n	</resultMap>\n\n	\n	<select id=\"selectCount\" resultMap=\"BaseResultMap\">\n			select count(1) from ${strutil.toUpperCase(g.tableName)} t\n		<where>\n			<include refid=\"select_content\"/>\n		</where>\n	</select>\n	\n	<select id=\"selectList\" resultMap=\"BaseResultMap\">\n			select * from ${strutil.toUpperCase(g.tableName)} t\n		<where>\n			<include refid=\"select_content\"/>\n		</where>\n	</select>\n\n	<select id=\"selectPage\" resultMap=\"BaseResultMap\">\n			select * from ${strutil.toUpperCase(g.tableName)} t\n		<where>\n			<include refid=\"select_content\"/>\n			\\${w.sqlSegment}\n		</where>\n	</select>\n	\n	<sql id=\"select_content\">	\n			<%for(field in t.fields){%>\n				<if test=\"e.${field.name} != null and e.${field.name} != \'\' \">\n					AND t.${strutil.toUpperCase(field.fieldName)} = #{e.${field.name}}\n				</if>\n			<%}%>\n	</sql>\n\n</mapper>', 'Xml', '2018-01-26 21:56:24', NULL);
INSERT INTO `t_code_template_file` VALUES (26, 21, '@layout(\"/common/_container.html\"){\n<div class=\"row\">\n    <div class=\"col-sm-12\">\n        <div class=\"ibox float-e-margins\">\n            <div class=\"ibox-title\">\n                <h5>${g.name}管理</h5>\n            </div>\n            <div class=\"ibox-content\">\n                <div class=\"row row-lg\">\n                    <div class=\"col-sm-12\">\n                        <div class=\"row\">\n                            <div class=\"col-sm-3\">\n                                <${\"#\"}NameCon id=\"condition\" name=\"名称\" />\n                            </div>\n                            <div class=\"col-sm-3\">\n                                <${\"#\"}button name=\"搜索\" icon=\"fa-search\" clickFun=\"${g.entityName}.search()\"/>\n                            </div>\n                        </div>\n                        <div class=\"hidden-xs\" id=\"${g.entityName}TableToolbar\" role=\"group\">\n                            @if(shiro.hasPermission(\"/${strutil.toLowerCase(g.entityName)}/add\")){\n                                <${\"#\"}button name=\"添加\" icon=\"fa-plus\" clickFun=\"${g.entityName}.openAdd${g.entityName}()\"/>\n                            @}\n                            @if(shiro.hasPermission(\"/${strutil.toLowerCase(g.entityName)}/update\")){\n                                <${\"#\"}button name=\"修改\" icon=\"fa-plus\" clickFun=\"${g.entityName}.open${g.entityName}Detail()\" space=\"true\"/>\n                            @}\n                            @if(shiro.hasPermission(\"/${strutil.toLowerCase(g.entityName)}/delete\")){\n                                <${\"#\"}button name=\"删除\" icon=\"fa-plus\" clickFun=\"${g.entityName}.delete()\" space=\"true\"/>\n                            @}\n                        </div>\n                        <${\"#\"}table id=\"${g.entityName}Table\"/>\n                    </div>\n                </div>\n            </div>\n        </div>\n    </div>\n</div>\n<script  src=\"\\${ctxPath}/static/modular/biz/${strutil.toLowerCase(g.entityName)}/${strutil.toLowerCase(g.entityName)}.js\"></script >\n@}\n', 'Html', '2018-01-26 21:56:24', NULL);
INSERT INTO `t_code_template_file` VALUES (27, 22, '/**\n * ${g.name}管理初始化\n */\nvar ${g.entityName} = {\n    id: \"${g.entityName}Table\",	//表格id\n    seItem: null,		//选中的条目\n    table: null,\n    layerIndex: -1\n};\n\n/**\n * 初始化表格的列\n */\n${g.entityName}.initColumn = function () {\n    return [\n        {field: \'selectItem\', radio: true},\n	<%for(field in t.fields){%>\n	     {title: \'${field.chinaName}\', field: \'${field.name}\', align: \'center\', valign: \'middle\'},\n	<%}%>\n    ];\n};\n\n/**\n * 检查是否选中\n */\n${g.entityName}.check = function () {\n    var selected = $(\'#\' + this.id).bootstrapTable(\'getSelections\');\n    if(selected.length == 0){\n        Feng.info(\"请先选中表格中的某一记录！\");\n        return false;\n    }else{\n        ${g.entityName}.seItem = selected[0];\n        return true;\n    }\n};\n\n/**\n * 点击添加${g.name}\n */\n${g.entityName}.openAdd${g.entityName} = function () {\n    var index = layer.open({\n        type: 2,\n        title: \'添加${g.name}\',\n        area: [\'800px\', \'420px\'], //宽高\n        fix: false, //不固定\n        maxmin: true,\n        content: Feng.ctxPath + \'/${strutil.toLowerCase(g.entityName)}/goto_add\'\n    });\n    this.layerIndex = index;\n};\n\n/**\n * 打开查看${g.name}详情\n */\n${g.entityName}.open${g.entityName}Detail = function () {\n    if (this.check()) {\n        var index = layer.open({\n            type: 2,\n            title: \'${g.name}详情\',\n            area: [\'800px\', \'420px\'], //宽高\n            fix: false, //不固定\n            maxmin: true,\n            content: Feng.ctxPath + \'/${strutil.toLowerCase(g.entityName)}/goto_update/\' + ${g.entityName}.seItem.id\n        });\n        this.layerIndex = index;\n    }\n};\n\n/**\n * 删除${g.name}\n */\n${g.entityName}.delete = function () {\n    if (this.check()) {\n        var ajax = new $ax(Feng.ctxPath + \"/${strutil.toLowerCase(g.entityName)}/delete\", function (data) {\n            Feng.success(\"删除成功!\");\n            ${g.entityName}.table.refresh();\n        }, function (data) {\n            Feng.error(\"删除失败!\" + data.responseJSON.message + \"!\");\n        });\n        ajax.set(\"${strutil.toLowerCase(g.entityName)}Id\",this.seItem.id);\n        ajax.start();\n    }\n};\n\n${g.entityName}.formParams = function() {\n    var queryData = {};\n    return queryData;\n};\n\n/**\n * 查询${g.name}列表\n */\n${g.entityName}.search = function () {\n    var queryData = {};\n    queryData[\'condition\'] = $(\"#condition\").val();\n    ${g.entityName}.table.refresh({query: queryData});\n};\n\n$(function () {\n    var defaultColunms = ${g.entityName}.initColumn();\n    var table = new BSTable(${g.entityName}.id, \"/${strutil.toLowerCase(g.entityName)}/list\", defaultColunms);\n    table.setPaginationType(\"server\");\n    table.setQueryParams(${g.entityName}.formParams());\n    ${g.entityName}.table = table.init();\n});\n', 'JavaScript', '2018-01-26 21:56:24', NULL);
INSERT INTO `t_code_template_file` VALUES (28, 23, '@layout(\"/common/_container.html\"){\n<div class=\"ibox float-e-margins\">\n    <div class=\"ibox-content\">\n        <div class=\"form-horizontal\">\n\n            <input type=\"hidden\" id=\"id\" value=\"\">\n\n            <div class=\"row\">\n                <div class=\"col-sm-6 b-r\">\n			<%for(field in t.fields){%>\n			     <${\"#\"}input id=\"${field.name}\" name=\"${field.chinaName}\" underline=\"true\"/>\n			<%}%>\n                </div>\n\n                <div class=\"col-sm-6\">\n\n                </div>\n            </div>\n\n            <div class=\"row btn-group-m-t\">\n                <div class=\"col-sm-10\">\n                    <${\"#\"}button btnCss=\"info\" name=\"提交\" id=\"ensure\" icon=\"fa-check\" clickFun=\"${g.entityName}InfoDlg.addSubmit()\"/>\n                    <${\"#\"}button btnCss=\"danger\" name=\"取消\" id=\"cancel\" icon=\"fa-eraser\" clickFun=\"${g.entityName}InfoDlg.close()\"/>\n                </div>\n            </div>\n        </div>\n\n    </div>\n</div>\n< src=\"\\${ctxPath}/static/modular/biz/${strutil.toLowerCase(g.entityName)}/${strutil.toLowerCase(g.entityName)}_info.js\"></>\n@}\n', 'Html', '2018-01-26 21:56:24', NULL);
INSERT INTO `t_code_template_file` VALUES (29, 24, '/**\n * 初始化${g.name}详情对话框\n */\nvar ${g.entityName}InfoDlg = {\n    ${strutil.toUpperCase(strutil.subStringTo (g.entityName,0,1))}${strutil.subString  (g.entityName,1)}InfoData : {}\n};\n\n/**\n * 清除数据\n */\n${g.entityName}InfoDlg.clearData = function() {\n    this.${strutil.toUpperCase(strutil.subStringTo (g.entityName,0,1))}${strutil.subString  (g.entityName,1)}InfoData = {};\n}\n\n/**\n * 设置对话框中的数据\n *\n * @param key 数据的名称\n * @param val 数据的具体值\n */\n${g.entityName}InfoDlg.set = function(key, val) {\n    this.${strutil.toUpperCase(strutil.subStringTo (g.entityName,0,1))}${strutil.subString  (g.entityName,1)}InfoData[key] = (typeof val == \"undefined\") ? $(\"#\" + key).val() : val;\n    return this;\n}\n\n/**\n * 设置对话框中的数据\n *\n * @param key 数据的名称\n * @param val 数据的具体值\n */\n${g.entityName}InfoDlg.get = function(key) {\n    return $(\"#\" + key).val();\n}\n\n/**\n * 关闭此对话框\n */\n${g.entityName}InfoDlg.close = function() {\n    parent.layer.close(window.parent.${g.entityName}.layerIndex);\n}\n\n/**\n * 收集数据\n */\n${g.entityName}InfoDlg.collectData = function() {\n    this.set(\'id\');\n}\n\n/**\n * 提交添加\n */\n${g.entityName}InfoDlg.addSubmit = function() {\n\n    this.clearData();\n    this.collectData();\n\n    //提交信息\n    var ajax = new $ax(Feng.ctxPath + \"/${strutil.toUpperCase(strutil.subStringTo (g.entityName,0,1))}${strutil.subString  (g.entityName,1)}/add\", function(data){\n        Feng.success(\"添加成功!\");\n        window.parent.${g.entityName}.table.refresh();\n        ${g.entityName}InfoDlg.close();\n    },function(data){\n        Feng.error(\"添加失败!\" + data.responseJSON.message + \"!\");\n    });\n    ajax.set(this.${strutil.toUpperCase(strutil.subStringTo (g.entityName,0,1))}${strutil.subString  (g.entityName,1)}InfoData);\n    ajax.start();\n}\n\n/**\n * 提交修改\n */\n${g.entityName}InfoDlg.editSubmit = function() {\n\n    this.clearData();\n    this.collectData();\n\n    //提交信息\n    var ajax = new $ax(Feng.ctxPath + \"/${strutil.toUpperCase(strutil.subStringTo (g.entityName,0,1))}${strutil.subString  (g.entityName,1)}/update\", function(data){\n        Feng.success(\"修改成功!\");\n        window.parent.${g.entityName}.table.refresh();\n        ${g.entityName}InfoDlg.close();\n    },function(data){\n        Feng.error(\"修改失败!\" + data.responseJSON.message + \"!\");\n    });\n    ajax.set(this.${strutil.toUpperCase(strutil.subStringTo (g.entityName,0,1))}${strutil.subString  (g.entityName,1)}InfoData);\n    ajax.start();\n}\n\n$(function() {\n\n});\n', 'JavaScript', '2018-01-26 21:56:24', NULL);
INSERT INTO `t_code_template_file` VALUES (30, 25, '@layout(\"/common/_container.html\"){\n<div class=\"ibox float-e-margins\">\n    <div class=\"ibox-content\">\n        <div class=\"form-horizontal\">\n\n            <input type=\"hidden\" id=\"id\" value=\"\\${${strutil.toLowerCase(g.entityName)}.id}\">\n\n            <div class=\"row\">\n                <div class=\"col-sm-6 b-r\">\n			<%for(field in t.fields){%>\n			     <${\"#\"}input id=\"${field.name}\" name=\"${field.chinaName}\" underline=\"true\" value=\"\\${${strutil.toLowerCase(g.entityName)}.${field.name}}\"/>\n			<%}%>\n                </div>\n\n                <div class=\"col-sm-6\">\n\n                </div>\n            </div>\n\n            <div class=\"row btn-group-m-t\">\n                <div class=\"col-sm-10\">\n                    <${\"#\"}button btnCss=\"info\" name=\"提交\" id=\"ensure\" icon=\"fa-check\" clickFun=\"${g.entityName}InfoDlg.editSubmit()\"/>\n                    <${\"#\"}button btnCss=\"danger\" name=\"取消\" id=\"cancel\" icon=\"fa-eraser\" clickFun=\"${g.entityName}InfoDlg.close()\"/>\n                </div>\n            </div>\n        </div>\n\n    </div>\n</div>\n< src=\"\\${ctxPath}/static/modular/biz/${strutil.toLowerCase(g.entityName)}/${strutil.toLowerCase(g.entityName)}_info.js\"></>\n@}\n', 'Html', '2018-01-26 21:56:25', NULL);
INSERT INTO `t_code_template_file` VALUES (31, 26, 'package ${g.codePackage}.model;\n\nimport com.baomidou.mybatisplus.activerecord.Model;\nimport com.baomidou.mybatisplus.annotations.TableId;\nimport com.baomidou.mybatisplus.annotations.TableField;\nimport com.baomidou.mybatisplus.annotations.TableName;\nimport com.baomidou.mybatisplus.enums.IdType;\n\nimport org.apache.commons.lang3.builder.ReflectionToStringBuilder;\n\nimport java.io.Serializable;\nimport java.util.Date;\n\n/**\n * ${g.name}\n *\n * @author ${g.author}\n * @Date ${g.date}\n */\n@TableName(\"${g.tableName}\")\npublic class ${g.entityName}Model extends Model<${g.entityName}Model> {\n\n    private static final long serialVersionUID = 1L;\n\n	\n		<%for(field in t.fields){%>\n		     /**\n		     * ${field.chinaName}\n		     * ${field.comment}\n		     */\n			<%if (field.name == \'id\') {%>\n			@TableId(value = \"id\",type = IdType.AUTO)\n			<%}else{%>\n			@TableField(value=\"${field.fieldName}\")\n			<%}%>\n			private ${field.type} ${field.name};\n		\n		<%}%>\n    \n		<%for(field in t.fields){%>\n		     /**\n		     * 获取: ${field.chinaName}\n		     * ${field.comment}\n		     */\n		    public ${field.type} get${strutil.toUpperCase(strutil.subStringTo (field.name,0,1))}${strutil.subString  (field.name,1)}() {\n			return ${field.name};\n		    }\n		     /**\n		     * 设置: ${field.chinaName}\n		     * ${field.comment}\n		     */\n		    public void set${strutil.toUpperCase(strutil.subStringTo (field.name,0,1))}${strutil.subString  (field.name,1)}(${field.type} ${field.name}) {\n			this.${field.name} = ${field.name};\n		    }\n		<%}%>\n       \n \n   \n\n	@Override\n	protected Serializable pkVal() {\n		return this.id;\n	}\n\n	@Override\n	public String toString() {\n		return ReflectionToStringBuilder.toString(this);\n	}\n}\n', 'Java', '2018-01-26 21:56:25', NULL);
INSERT INTO `t_code_template_file` VALUES (32, 27, 'package ${g.codePackage}.controller;\n\nimport com.baomidou.mybatisplus.mapper.EntityWrapper;\nimport com.baomidou.mybatisplus.plugins.Page;\nimport com.baomidou.mybatisplus.plugins.pagination.Pagination;\nimport com.stylefeng.guns.common.annotion.Permission;\nimport com.stylefeng.guns.common.annotion.log.BussinessLog;\nimport com.stylefeng.guns.common.constant.factory.PageFactory;\nimport com.stylefeng.guns.common.constant.state.BizLogType;\nimport com.stylefeng.guns.common.controller.BaseController;\nimport com.stylefeng.guns.common.exception.BizExceptionEnum;\nimport com.stylefeng.guns.common.exception.BussinessException;\nimport com.stylefeng.guns.common.persistence.model.OperationLog;\nimport com.stylefeng.guns.core.util.ToolUtil;\nimport ${g.codePackage}.model.${g.entityName}Model;\nimport ${g.codePackage}.service.I${g.entityName}Service;\n\nimport org.springframework.beans.factory.annotation.Autowired;\nimport org.springframework.stereotype.Controller;\nimport org.springframework.ui.Model;\nimport org.springframework.web.bind.annotation.PathVariable;\nimport org.springframework.web.bind.annotation.RequestMapping;\nimport org.springframework.web.bind.annotation.RequestParam;\nimport org.springframework.web.bind.annotation.ResponseBody;\n\nimport javax.annotation.Resource;\nimport java.util.List;\nimport java.util.Map;\n\n/**\n * ${g.name}控制器\n *\n * @author ${g.author}\n * @Date ${g.date}\n */\n@Controller\n@RequestMapping(\"/${strutil.toLowerCase(g.entityName)}\")\npublic class ${g.entityName}Controller extends BaseController {\n\n    private static final Logger LOGGER = LoggerFactory.getLogger(${g.entityName}Controller.class);\n\n    private String PREFIX = \"/biz/${strutil.toLowerCase(g.entityName)}/\";\n\n    @Autowired\n    private I${g.entityName}Service ${strutil.toLowerCase(strutil.subStringTo (g.entityName,0,1))}${strutil.subString  (g.entityName,1)}Service;\n\n    /**\n     * 跳转到首页\n     */\n    @RequestMapping(\"\")\n    public String index() {\n        return PREFIX + \"${strutil.toLowerCase(g.entityName)}.html\";\n    }\n\n    /**\n     * 跳转到添加\n     */\n    @RequestMapping(\"/goto_add\")\n    public String ${g.entityName}Add() {\n        return PREFIX + \"${strutil.toLowerCase(g.entityName)}_add.html\";\n    }\n\n    /**\n     * 跳转到修改\n     */\n    @RequestMapping(\"/goto_update/{id}\")\n    public String ${g.entityName}Update(@PathVariable Integer id, Model model) {\n	model.addAttribute(\"${strutil.toLowerCase(g.entityName)}\", ${strutil.toLowerCase(strutil.subStringTo (g.entityName,0,1))}${strutil.subString  (g.entityName,1)}Service.selectById(id));\n        return PREFIX + \"${strutil.toLowerCase(g.entityName)}_edit.html\";\n    }\n\n    /**\n     * 获取列表\n     */\n    @RequestMapping(value = \"/list\")\n    @ResponseBody\n    public Object list(${g.entityName}Model model) {\n        Page<${g.entityName}Model> page = new PageFactory<${g.entityName}Model>().defaultPage();\n        page.setRecords(${strutil.toLowerCase(strutil.subStringTo (g.entityName,0,1))}${strutil.subString  (g.entityName,1)}Service.selectPage(page,model,new EntityWrapper<${g.entityName}Model>()));\n        return super.packForBT(page);\n    }\n\n\n    @BussinessLog(value = \"${g.name}新增\", key = \"companyid\" )\n    @RequestMapping(value = \"/add\")\n    @Permission\n    @ResponseBody\n    public Object add(${g.entityName}Model model) {\n        ${strutil.toLowerCase(strutil.subStringTo (g.entityName,0,1))}${strutil.subString  (g.entityName,1)}Service.insert(model);\n        return SUCCESS_TIP;\n    }\n\n\n    @BussinessLog(value = \"${g.name}删除\", key = \"id\" )\n    @RequestMapping(value = \"/delete\")\n    @Permission\n    @ResponseBody\n    public Object delete(Integer id) {\n        ${strutil.toLowerCase(strutil.subStringTo (g.entityName,0,1))}${strutil.subString  (g.entityName,1)}Service.deleteById(id);\n        return SUCCESS_TIP;\n    }\n\n\n    @BussinessLog(value = \"${g.name}修改\", key = \"id\" )\n    @RequestMapping(value = \"/update\")\n    @Permission\n    @ResponseBody\n    public Object update(${g.entityName}Model model) {\n        if (ToolUtil.isOneEmpty(model.getId())) {\n            throw new BussinessException(BizExceptionEnum.REQUEST_NULL);\n        }\n        ${strutil.toLowerCase(strutil.subStringTo (g.entityName,0,1))}${strutil.subString  (g.entityName,1)}Service.updateById(model);\n        return super.SUCCESS_TIP;\n    }\n\n    /**\n     * 详情\n     */\n    @RequestMapping(value = \"/detail\")\n    @ResponseBody\n    public Object detail(${g.entityName}Model model) {\n        return ${strutil.toLowerCase(strutil.subStringTo (g.entityName,0,1))}${strutil.subString  (g.entityName,1)}Service.selectOne(model);\n    }\n}\n', 'Java', '2018-01-29 14:49:25', '2017-09-14 16:40:20');

-- ----------------------------
-- Table structure for t_code_template_group
-- ----------------------------
DROP TABLE IF EXISTS `t_code_template_group`;
CREATE TABLE `t_code_template_group`  (
  `id` int(10) NOT NULL AUTO_INCREMENT,
  `name` varchar(50) CHARACTER SET utf8 COLLATE utf8_general_ci NOT NULL COMMENT '组名称',
  `remarks` varchar(400) CHARACTER SET utf8 COLLATE utf8_general_ci NULL DEFAULT NULL COMMENT '描述',
  `CRT_TIME` datetime(0) NULL DEFAULT NULL COMMENT '创建时间',
  `MDF_TIME` datetime(0) NULL DEFAULT NULL COMMENT '修改时间',
  PRIMARY KEY (`id`) USING BTREE
) ENGINE = InnoDB AUTO_INCREMENT = 11 CHARACTER SET = utf8 COLLATE = utf8_general_ci COMMENT = '模板组' ROW_FORMAT = Compact;

-- ----------------------------
-- Records of t_code_template_group
-- ----------------------------
INSERT INTO `t_code_template_group` VALUES (3, 'mybatis plus', '通用', '2017-09-12 14:05:13', '2018-06-01 15:18:24');
INSERT INTO `t_code_template_group` VALUES (10, 'creatsoft-generator', '原创代码生成模板-Mp Vue', '2018-06-01 14:17:16', '2018-06-01 14:17:16');

-- ----------------------------
-- Table structure for t_code_templates
-- ----------------------------
DROP TABLE IF EXISTS `t_code_templates`;
CREATE TABLE `t_code_templates`  (
  `id` int(11) NOT NULL AUTO_INCREMENT COMMENT '主键ID',
  `name` varchar(50) CHARACTER SET utf8 COLLATE utf8_general_ci NOT NULL COMMENT '模板名称',
  `content` text CHARACTER SET utf8 COLLATE utf8_general_ci NULL COMMENT '模板内容',
  `file_name` varchar(255) CHARACTER SET utf8 COLLATE utf8_general_ci NULL DEFAULT NULL COMMENT '模板保存名称',
  `sava_package` varchar(255) CHARACTER SET utf8 COLLATE utf8_general_ci NULL DEFAULT NULL COMMENT '所属包',
  `group_id` int(11) NOT NULL COMMENT '所属模板组',
  `file_type` varchar(50) CHARACTER SET utf8 COLLATE utf8_general_ci NULL DEFAULT NULL COMMENT '模板类型',
  `crt_time` datetime(0) NULL DEFAULT NULL COMMENT '创建时间',
  `mdf_time` datetime(0) NULL DEFAULT NULL COMMENT '修改时间',
  `sort` int(255) NULL DEFAULT NULL COMMENT '排序',
  `remarks` varchar(400) CHARACTER SET utf8 COLLATE utf8_general_ci NULL DEFAULT NULL COMMENT '描述',
  `del_flag` char(255) CHARACTER SET utf8 COLLATE utf8_general_ci NULL DEFAULT '0' COMMENT '状态',
  PRIMARY KEY (`id`) USING BTREE
) ENGINE = InnoDB AUTO_INCREMENT = 15 CHARACTER SET = utf8 COLLATE = utf8_general_ci COMMENT = '模板' ROW_FORMAT = Dynamic;

-- ----------------------------
-- Records of t_code_templates
-- ----------------------------
INSERT INTO `t_code_templates` VALUES (1, 'Entity', 'package ${package}.${moduleName}.entity;\n\nimport com.baomidou.mybatisplus.annotations.TableId;\nimport com.baomidou.mybatisplus.annotations.TableName;\nimport com.baomidou.mybatisplus.annotations.TableField;\nimport com.baomidou.mybatisplus.enums.IdType;\nimport com.baomidou.mybatisplus.activerecord.Model;\n\n#if(${hasBigDecimal})\nimport java.math.BigDecimal;\n#end\nimport java.io.Serializable;\nimport java.util.Date;\n\n/**\n * ${comments}\n *\n * @author ${author}\n * @email ${email}\n * @date ${datetime}\n */\n@TableName(\"${tableName}\")\npublic class ${className}Entity extends Model<${className}Entity>  {\n     private static final long serialVersionUID = 1L;\n\n#foreach ($column in $columns)\n	/**\n	 * $column.comments\n	 */\n	#if($column.columnName == $pk.columnName)\n@TableId(value=\"${column.columnName}\", type= IdType.AUTO)\n	#else\n@TableField(\"${column.columnName}\")\n	#end\nprivate $column.attrType $column.attrname;\n#end\n\n#foreach ($column in $columns)\n	public void set${column.attrName}($column.attrType $column.attrname) {\n		this.$column.attrname = $column.attrname;\n	}\n\n	public $column.attrType get${column.attrName}() {\n		return $column.attrname;\n	}\n#end\n\n     @Override\n     protected Serializable pkVal() {\n              return this.id;\n     }\n\n     @Override\n     public String toString() {\n      return \"${tableName}{\" +\n	 #foreach($column in $columns)\n		#if($!{velocityCount}==1)\n \"${column.attrname}=\" + ${column.attrname} +\n		#else\n\", ${column.attrname}=\" + ${column.attrname} +\n	    #end\n	 #end\n     \"}\";\n     }\n}\n', 'Entity.java', 'entity', 3, 'java', '2018-06-01 10:28:44', '2018-06-01 16:27:12', 1, 'entity生成模板', '0');
INSERT INTO `t_code_templates` VALUES (2, 'DaoXml', '<?xml version=\"1.0\" encoding=\"UTF-8\"?>\r\n<!DOCTYPE mapper PUBLIC \"-//mybatis.org//DTD Mapper 3.0//EN\" \"http://mybatis.org/dtd/mybatis-3-mapper.dtd\">\r\n\r\n<mapper namespace=\"${package}.${moduleName}.dao.${className}Dao\">\r\n\r\n	<!-- 可根据自己的需求，是否要使用 -->\r\n    <resultMap type=\"${package}.${moduleName}.entity.${className}Entity\" id=\"BaseResultMap\">\r\n#foreach($column in $columns)\r\n        <result property=\"${column.attrname}\" column=\"${column.columnName}\"/>\r\n#end\r\n    </resultMap>\r\n\r\n    <sql id=\"Base_Column_List\">\r\n        #foreach($column in $columns)\r\n            #if(${column.columnName} == ${column.attrname})${column.columnName}#else${column.columnName} AS ${column.attrname}#end,\r\n        #end\r\n    </sql>\r\n</mapper>', 'Dao.xml', 'main\\resources\\mapper', 3, 'xml', '2018-06-01 10:35:16', '2018-06-01 10:35:16', NULL, 'dao生成模板', '0');
INSERT INTO `t_code_templates` VALUES (3, 'Service', 'package ${package}.${moduleName}.service;\r\n\r\nimport com.baomidou.mybatisplus.service.IService;\r\nimport ${package}.${moduleName}.entity.${className}Entity;\r\n\r\nimport java.util.Map;\r\n\r\n/**\r\n * ${comments}\r\n *\r\n * @author ${author}\r\n * @email ${email}\r\n * @date ${datetime}\r\n */\r\npublic interface ${className}Service extends IService<${className}Entity> {\r\n\r\n}\r\n\r\n', 'Service.java', 'service', 3, 'java', '2018-06-01 13:43:56', '2018-06-01 13:44:08', NULL, 'Service生成模板', '0');
INSERT INTO `t_code_templates` VALUES (4, 'ServiceImpl', 'package ${package}.${moduleName}.service.impl;\r\n\r\nimport ${package}.${moduleName}.dao.${className}Dao;\r\nimport ${package}.${moduleName}.entity.${className}Entity;\r\nimport ${package}.${moduleName}.service.${className}Service;\r\nimport com.baomidou.mybatisplus.service.impl.ServiceImpl;\r\nimport org.springframework.stereotype.Service;\r\n\r\n\r\n@Service(\"${classname}Service\" )\r\npublic class ${className}ServiceImpl extends ServiceImpl<${className}Dao, ${className}Entity> implements ${className}Service {\r\n\r\n}\r\n', 'ServiceImpl.java', 'service\\impl', 3, 'java', '2018-06-01 14:13:48', '2018-06-01 14:13:50', NULL, 'ServiceImpl生成模板', '0');
INSERT INTO `t_code_templates` VALUES (5, 'Controller', 'package ${package}.${moduleName}.controller;\n\nimport com.baomidou.mybatisplus.mapper.EntityWrapper;\nimport com.baomidou.mybatisplus.plugins.Page;\nimport ${package}.${moduleName}.entity.${className}Entity;\nimport ${package}.${moduleName}.service.${className}Service;\nimport org.springframework.beans.factory.annotation.Autowired;\nimport org.springframework.web.bind.annotation.RequestMapping;\nimport org.springframework.web.bind.annotation.RestController;\nimport org.springframework.web.bind.annotation.ResponseBody;\nimport org.springframework.web.bind.annotation.RequestBody;\n\nimport com.demo.common.utils.Underline2Camel;\nimport org.apache.commons.lang3.StringUtils;\nimport java.util.List;\nimport java.util.regex.Matcher;\nimport java.util.regex.Pattern;\n\n\n\n\n/**\n * ${comments}\n *\n * @author ${author}\n * @email ${email}\n * @date ${datetime}\n */\n@RestController\n@RequestMapping(\"${moduleName}/${pathName}\")\npublic class ${className}Controller {\n    @Autowired\n    private ${className}Service ${classname}Service;\n\n     /**\n      * Delete boolean.\n      *\n      * @param ${classname} the ${classname}\n      * @return the boolean\n      */\n     @RequestMapping(value = \"/delete\" )\n     public boolean delete(@RequestBody ${className}Entity ${classname}){\n          return ${classname}Service.deleteById(${classname});\n     }\n\n\n     /**\n      * Insert or update boolean.\n      *\n      * @param ${classname} the ${classname}\n      * @return the boolean\n      */\n     @RequestMapping(value = \"/insertOrUpdate\" )\n     public boolean insertOrUpdate(@RequestBody ${className}Entity ${classname}){\n          return ${classname}Service.insertOrUpdate(${classname});\n     }\n\n     /**\n      * Get ${classname}.\n      *\n      * @param ${className} the ${classname}\n      * @return the ${classname}\n      */\n     @RequestMapping(value = \"/get\" )\n     public ${className}Entity get(@RequestBody ${className}Entity ${className}){\n          return ${classname}Service.selectById(${className});\n     }\n\n     /**\n      * Get List ${classname}.\n      *\n      * @param ${className} the ${classname}.\n      * @return the List\n      */\n     @RequestMapping(value = \"/getList\" )\n     public List<${className}Entity> getList(@RequestBody ${className}Entity ${className}) {\n          return  ${classname}Service.selectList(new EntityWrapper<>(${className}));\n     }\n\n\n     /**\n      * Get Page ${classname}\n      *\n      * @param page the ${classname}\n      * @return the Page\n      */\n     @RequestMapping(value = \"/get${classname}ByPage\" )\n     public Page<${className}Entity> get${classname}ByPage(@RequestBody Page<${className}Entity> page,String key, String column){\n          if (com.baomidou.mybatisplus.toolkit.StringUtils.checkValNull(page.getOrderByField())) {\n               //page.setOrderByField(\"update_date\");\n               page.setAsc(false);\n          }\n          EntityWrapper<${className}Entity> ew=new EntityWrapper<${className}Entity>();\n          if(StringUtils.isNotEmpty(key)&&StringUtils.isNotEmpty(column)){\n               String[]cols=column.split(\",\");\n               int i=0;\n               for(String col:cols){\n                    String ul_col=camel2Underline(col);\n                    if(i==0){\n                         ew.andNew(ul_col+\" LIKE {0}\",\"%\"+key+\"%\");\n                    }else{\n                         ew.or(ul_col+\" LIKE {0}\",\"%\"+key+\"%\");\n                    }\n                    i++;\n               }\n          }else{\n               ew.setEntity(new ${className}Entity());\n          }\n          return  ${classname}Service.selectPage(page,ew);\n     }\n     /**\n     * 驼峰法转下划线\n     * @param line 源字符串\n     * @return 转换后的字符串\n     */\n     public static String camel2Underline(String line){\n          if(line==null||\"\".equals(line)){\n               return \"\";\n          }\n          line=String.valueOf(line.charAt(0)).toUpperCase().concat(line.substring(1));\n          StringBuffer sb=new StringBuffer();\n          Pattern pattern=Pattern.compile(\"[A-Z]([a-z\\\\d]+)?\");\n          Matcher matcher=pattern.matcher(line);\n          while(matcher.find()){\n               String word=matcher.group();\n               sb.append(word.toUpperCase());\n               sb.append(matcher.end()==line.length()?\"\":\"_\");\n          }\n          return sb.toString().toLowerCase();\n     }\n}\n', 'Controller.java', 'controller', 3, 'java', '2018-06-01 14:14:49', '2018-06-04 10:07:30', NULL, 'Controller生成模板', '0');
INSERT INTO `t_code_templates` VALUES (6, 'Dao', 'package ${package}.${moduleName}.dao;\r\n\r\nimport ${package}.${moduleName}.entity.${className}Entity;\r\nimport com.baomidou.mybatisplus.mapper.BaseMapper;\r\nimport org.apache.ibatis.annotations.Mapper;\r\n\r\n/**\r\n * ${comments}\r\n * \r\n * @author ${author}\r\n * @email ${email}\r\n * @date ${datetime}\r\n */\r\npublic interface ${className}Dao extends BaseMapper<${className}Entity> {\r\n	\r\n}\r\n', 'Dao.java', 'dao', 3, 'java', '2018-06-01 15:07:33', '2018-06-01 10:35:18', NULL, 'Dao生成模板', '0');
INSERT INTO `t_code_templates` VALUES (7, 'Entity', 'package ${package}.${moduleName}.entity;\n\nimport com.baomidou.mybatisplus.annotations.TableId;\nimport com.baomidou.mybatisplus.annotations.TableName;\nimport com.baomidou.mybatisplus.annotations.TableField;\nimport com.baomidou.mybatisplus.enums.IdType;\nimport com.baomidou.mybatisplus.activerecord.Model;\n\n#if(${hasBigDecimal})\nimport java.math.BigDecimal;\n#end\nimport java.io.Serializable;\nimport java.util.Date;\n\n/**\n * ${comments}\n *\n * @author ${author}\n * @email ${email}\n * @date ${datetime}\n */\n@TableName(\"${tableName}\")\npublic class ${className}Entity extends Model<${className}Entity>  {\n     private static final long serialVersionUID = 1L;\n\n#foreach ($column in $columns)\n	/**\n	 * $column.comments\n	 */\n	#if($column.columnName == $pk.columnName)\n@TableId(value=\"${column.columnName}\", type= IdType.AUTO)\n	#else\n@TableField(\"${column.columnName}\")\n	#end\nprivate $column.attrType $column.attrname;\n#end\n\n#foreach ($column in $columns)\n	public void set${column.attrName}($column.attrType $column.attrname) {\n		this.$column.attrname = $column.attrname;\n	}\n\n	public $column.attrType get${column.attrName}() {\n		return $column.attrname;\n	}\n#end\n\n     @Override\n     protected Serializable pkVal() {\n              return this.id;\n     }\n\n     @Override\n     public String toString() {\n      return \"${tableName}{\" +\n	 #foreach($column in $columns)\n		#if($!{velocityCount}==1)\n \"${column.attrname}=\" + ${column.attrname} +\n		#else\n\", ${column.attrname}=\" + ${column.attrname} +\n	    #end\n	 #end\n     \"}\";\n     }\n}\n', 'Entity.java', 'entity', 10, 'java', '2018-06-04 15:04:16', '2018-06-04 15:18:44', NULL, 'generator生成模板', '0');
INSERT INTO `t_code_templates` VALUES (8, 'Dao', 'package ${package}.${moduleName}.dao;\n\nimport ${package}.${moduleName}.entity.${className}Entity;\nimport com.baomidou.mybatisplus.mapper.BaseMapper;\nimport org.apache.ibatis.annotations.Mapper;\nimport  ${package}.${moduleName}.entity.${className}Entity;\nimport java.util.List;\nimport java.util.Map;\n/**\n * ${comments}\n * \n * @author ${author}\n * @email ${email}\n * @date ${datetime}\n */\npublic interface ${className}Dao extends BaseMapper<${className}Entity> {\n\n   List<Map<String, Object>> queryList(Map<String, Object> map);\n\n   ${className}Entity getInfo(Integer id);\n\n   List<${className}Entity> getDbInfo();\n	\n}\n', 'Dao.java', 'dao', 10, 'java', '2018-06-04 15:06:03', '2018-06-04 16:23:43', NULL, 'generator dao模板', '0');
INSERT INTO `t_code_templates` VALUES (9, 'Service', 'package ${package}.${moduleName}.service;\n\nimport com.baomidou.mybatisplus.service.IService;\nimport ${package}.${moduleName}.entity.${className}Entity;\n\nimport java.util.List;\nimport java.util.Map;\n\n/**\n * ${comments}\n *\n * @author ${author}\n * @email ${email}\n * @date ${datetime}\n */\npublic interface ${className}Service extends IService<${className}Entity> {\n\n\n  /**\n      * 查询列表\n      *\n      * @param map\n      * @return\n      */\n     public List<Map<String, Object>> queryList(Map<String, Object> map);\n\n\n     /**\n      * 获取详情\n      * @return\n      */\n     public List<${className}Entity> getDbInfo() ;\n\n     /**\n      * 根据ID获取详情\n      *\n      * @param id\n      * @return\n      */\n     public ${className}Entity getInfo(Integer id);\n\n\n}\n\n', 'Service.java', 'service', 10, 'java', '2018-06-04 15:07:13', '2018-06-04 15:32:46', NULL, 'gen service生成模板', '0');
INSERT INTO `t_code_templates` VALUES (10, 'ServiceImpl', 'package ${package}.${moduleName}.service.impl;\n\nimport ${package}.${moduleName}.dao.${className}Dao;\nimport ${package}.${moduleName}.entity.${className}Entity;\nimport ${package}.${moduleName}.service.${className}Service;\nimport com.baomidou.mybatisplus.service.impl.ServiceImpl;\nimport org.springframework.stereotype.Service;\nimport org.springframework.beans.factory.annotation.Autowired;\nimport java.util.List;\nimport java.util.Map;\n\n\n\n@Service(\"${classname}Service\" )\npublic class ${className}ServiceImpl extends ServiceImpl<${className}Dao, ${className}Entity> implements ${className}Service {\n      @Autowired\n     private ${className}Dao dao;\n\n      @Override\n     public List<Map<String, Object>> queryList(Map<String, Object> map) {\n          return dao.queryList(map);\n     }\n\n     @Override\n     public List<${className}Entity> getDbInfo() {\n          return dao.getDbInfo();\n     }\n\n     @Override\n     public ${className}Entity getInfo(Integer id) {\n          return dao.getInfo(id);\n     }\n     \n\n\n\n}\n', 'ServiceImpl.java', 'service\\impl', 10, 'java', '2018-06-04 15:08:31', '2018-06-04 16:15:20', NULL, 'gen ServiceImpl生成模板', '0');
INSERT INTO `t_code_templates` VALUES (11, 'DaoXml', '<?xml version=\"1.0\" encoding=\"UTF-8\"?>\n<!DOCTYPE mapper PUBLIC \"-//mybatis.org//DTD Mapper 3.0//EN\" \"http://mybatis.org/dtd/mybatis-3-mapper.dtd\">\n\n<mapper namespace=\"${package}.${moduleName}.dao.${className}Dao\">\n\n	<!-- 可根据自己的需求，是否要使用 -->\n    <resultMap type=\"${package}.${moduleName}.entity.${className}Entity\" id=\"BaseResultMap\">\n#foreach($column in $columns)\n        <result property=\"${column.attrname}\" column=\"${column.columnName}\"/>\n#end\n    </resultMap>\n\n    <sql id=\"Base_Column_List\">\n        #foreach($column in $columns)\n            #if(${column.columnName} == ${column.attrname})${column.columnName}#else${column.columnName} AS ${column.attrname}#end,\n        #end\n    </sql>\n\n\n<select id=\"queryList\" resultType=\"map\">\n        SELECT <include refid=\"Base_Column_List\"/> FROM ${tableName}\n        <choose>\n            <when test=\"sidx!=null and sidx!=\'\'\">\n                order by ${sidx} ${order}\n            </when>\n            <otherwise>\n                order by MDF_TIME desc\n            </otherwise>\n        </choose>\n        <if test=\"offset != null and limit != null\">\n            limit #{offset}, #{limit}\n        </if>\n    </select>\n\n    <select id=\"getDbInfo\" resultType=\"${package}.${moduleName}.entity.${className}Entity\">\n       SELECT  <include refid=\"Base_Column_List\"/>  FROM ${tableName} order by MDF_TIME desc\n    </select>\n\n    <select id=\"getInfo\" resultType=\"${package}.${moduleName}.entity.${className}Entity\">\n        SELECT <include refid=\"Base_Column_List\"/>\n        FROM ${tableName} WHERE id=#{id}\n    </select>\n</mapper>', 'Dao.xml', 'main\\resources\\mapper', 10, 'xml', '2018-06-04 15:10:34', '2018-06-04 15:24:17', NULL, 'gen daoxml模板', '0');
INSERT INTO `t_code_templates` VALUES (12, 'Controller', 'package ${package}.${moduleName}.controller;\n\nimport ${package}.${moduleName}.entity.${className}Entity;\nimport ${package}.${moduleName}.service.${className}Service;\nimport org.springframework.beans.factory.annotation.Autowired;\nimport org.springframework.web.bind.annotation.RequestMapping;\nimport org.springframework.web.bind.annotation.RestController;\nimport org.springframework.web.bind.annotation.ResponseBody;\nimport org.springframework.web.bind.annotation.RequestBody;\n\n\nimport com.creatsoft.common.utils.Query;\nimport com.creatsoft.common.utils.R;\nimport org.springframework.web.bind.annotation.*;\nimport com.creatsoft.common.utils.PageUtils;\nimport com.baomidou.mybatisplus.mapper.EntityWrapper;\nimport java.util.List;\nimport java.util.Map;\n\n/**\n * ${comments}\n *\n * @author ${author}\n * @email ${email}\n * @date ${datetime}\n */\n@RestController\n@RequestMapping(\"${moduleName}/${pathName}\")\npublic class ${className}Controller {\n    @Autowired\n    private ${className}Service ${classname}Service;\n       /**\n      * 列表\n      */\n     @ResponseBody\n     @RequestMapping(\"/list\")\n     public R list(@RequestParam Map<String, Object> params) {\n          //查询列表数据\n          Query query = new Query(params);\n          List<Map<String, Object>> list =  ${classname}Service.queryList(query);\n          int total = ${classname}Service.selectCount(new EntityWrapper<>());\n          PageUtils pageUtil = new PageUtils(list, total, query.getLimit(), query.getPage());\n\n          return R.ok().put(\"page\", pageUtil);\n     }\n     \n     /**\n      * 信息\n      */\n     @ResponseBody\n     @RequestMapping(\"/info/{id}\")\n     public R info(@PathVariable(\"id\") Integer id) {\n          ${className}Entity ${classname}= ${classname}Service.getInfo(id);\n          return R.ok().put(\"${classname}\", ${classname});\n     }\n\n     /**\n      * 列表\n      */\n     @ResponseBody\n     @RequestMapping(\"/getDbInfo\")\n     public R getDbInfo() {\n          //查询列表数据\n          List< ${className}Entity> list = ${classname}Service.getDbInfo();\n          return R.ok().put(\"list\", list);\n     }\n\n       /**\n      * 新增\n      * @param ${classname}\n      * @return\n      */\n     @ResponseBody\n     @RequestMapping(\"/saveOrUpdate\")\n     public R saveOrUpdate(@RequestBody ${className}Entity ${classname}) {\n          return R.ok().put(\"result\",${classname}Service.insertOrUpdate(${classname}));\n     }\n\n  \n\n       /**\n      * 删除\n      */\n     @RequestMapping(\"/delete\")\n     @ResponseBody\n     public R delete(@RequestBody String[] ids) {\n          boolean flag=false;\n          for (String str:ids){\n              flag= ${classname}Service.deleteById(str);\n          }\n          return R.ok().put(\"result\",flag);\n     }\n   \n}\n', 'Controller.java', 'controller', 10, 'java', '2018-06-04 15:11:51', '2018-06-04 17:19:56', NULL, 'gen controller 模板', '0');
INSERT INTO `t_code_templates` VALUES (13, 'html', '<!DOCTYPE html>\n<html>\n<head>\n    <title>${comments}</title>\n    <meta charset=\"UTF-8\">\n    <meta http-equiv=\"X-UA-Compatible\" content=\"IE=edge\">\n    <meta content=\"width=device-width, initial-scale=1, maximum-scale=1, user-scalable=no\" name=\"viewport\">\n    <link rel=\"stylesheet\" href=\"css/bootstrap.min.css\">\n    <link rel=\"stylesheet\" href=\"css/font-awesome.min.css\">\n    <link rel=\"stylesheet\" href=\"plugins/jqgrid/ui.jqgrid-bootstrap.css\">\n    <link rel=\"stylesheet\" href=\"css/main.css\">\n    <script src=\"libs/jquery.min.js\"></script>\n    <script src=\"plugins/layer/layer.js\"></script>\n    <script src=\"libs/bootstrap.min.js\"></script>\n    <script src=\"libs/vue.min.js\"></script>\n    <script src=\"plugins/jqgrid/grid.locale-cn.js\"></script>\n    <script src=\"plugins/jqgrid/jquery.jqGrid.min.js\"></script>\n    <script src=\"js/common.js\"></script>\n</head>\n<body>\n<div id=\"rrapp\" v-cloak>\n    <div v-show=\"showList\">\n        <div class=\"grid-btn\">\n            <a  class=\"btn btn-primary\" @click=\"add\"><i class=\"fa fa-plus\"></i>&nbsp;新增</a>\n            <a  class=\"btn btn-primary\" @click=\"update\"><i class=\"fa fa-pencil-square-o\"></i>&nbsp;修改</a>\n            <a  class=\"btn btn-primary\" @click=\"del\"><i class=\"fa fa-trash-o\"></i>&nbsp;删除</a>\n        </div>\n        <table id=\"jqGrid\"></table>\n        <div id=\"jqGridPager\"></div>\n    </div>\n\n    <div v-show=\"!showList\" class=\"panel panel-default\">\n        <div class=\"panel-heading\">{{title}}</div>\n        <form class=\"form-horizontal\">\n            #foreach($column in $columns)\n                #if($column.columnName != $pk.columnName)\n                    <div class=\"form-group\">\n                        <div class=\"col-sm-2 control-label\">${column.comments}</div>\n                        <div class=\"col-sm-10\">\n                            <input type=\"text\" class=\"form-control\" v-model=\"${classname}.${column.attrname}\" placeholder=\"${column.comments}\"/>\n                        </div>\n                    </div>\n                #end\n            #end\n            <div class=\"form-group\">\n                <div class=\"col-sm-2 control-label\"></div>\n                <input type=\"button\" class=\"btn btn-primary\" @click=\"saveOrUpdate\" value=\"确定\"/>\n                &nbsp;&nbsp;<input type=\"button\" class=\"btn btn-warning\" @click=\"reload\" value=\"返回\"/>\n            </div>\n        </form>\n    </div>\n</div>\n<script src=\"/js/${className}.js\"></script>\n</body>\n</html>', '.html', 'main\\resources\\views', 10, 'html', '2018-06-04 16:04:05', '2018-06-04 17:13:44', NULL, 'html 页面', '0');
INSERT INTO `t_code_templates` VALUES (14, 'js', '$(function () {\n    $(\"#jqGrid\").jqGrid({\n        url: \'${moduleName}/${pathName}/list\',\n        datatype: \"json\",\n        colModel: [			\n#foreach($column in $columns)\n#if($column.columnName == $pk.columnName)\n			{ label: \'${column.attrname}\', name: \'${column.attrname}\', index: \'${column.columnName}\', width: 50, key: true },\n#else\n			{ label: \'${column.comments}\', name: \'${column.attrname}\', index: \'${column.columnName}\', width: 80 }#if($velocityCount != $columns.size()), #end\n			\n#end			\n#end\n        ],\n		viewrecords: true,\n        height: 385,\n        rowNum: 10,\n		rowList : [10,30,50],\n        rownumbers: true, \n        rownumWidth: 25, \n        autowidth:true,\n        multiselect: true,\n        pager: \"#jqGridPager\",\n        jsonReader : {\n            root: \"page.list\",\n            page: \"page.currPage\",\n            total: \"page.totalPage\",\n            records: \"page.totalCount\"\n        },\n        prmNames : {\n            page:\"page\", \n            rows:\"limit\", \n            order: \"order\"\n        },\n        gridComplete:function(){\n        	//隐藏grid底部滚动条\n        	$(\"#jqGrid\").closest(\".ui-jqgrid-bdiv\").css({ \"overflow-x\" : \"hidden\" }); \n        }\n    });\n});\n\nvar vm = new Vue({\n	el:\'#rrapp\',\n	data:{\n		showList: true,\n		title: null,\n		${classname}: {}\n	},\n	methods: {\n		query: function () {\n			vm.reload();\n		},\n		add: function(){\n			vm.showList = false;\n			vm.title = \"新增\";\n			vm.${classname} = {};\n		},\n		update: function (event) {\n			var $pk.attrname = getSelectedRow();\n			if($pk.attrname == null){\n				return ;\n			}\n			vm.showList = false;\n            vm.title = \"修改\";\n            \n            vm.getInfo(${pk.attrname})\n		},\n		saveOrUpdate: function (event) {\n			var url = \"${moduleName}/${pathName}/saveOrUpdate\";\n			$.ajax({\n				type: \"POST\",\n			    url: url,\n                contentType: \"application/json\",\n			    data: JSON.stringify(vm.${classname}),\n			    success: function(r){\n			    	if(r.code === 0){\n						alert(\'操作成功\', function(index){\n							vm.reload();\n						});\n					}else{\n						alert(r.msg);\n					}\n				}\n			});\n		},\n		del: function (event) {\n			var ${pk.attrname}s = getSelectedRows();\n			if(${pk.attrname}s == null){\n				return ;\n			}\n			\n			confirm(\'确定要删除选中的记录？\', function(){\n				$.ajax({\n					type: \"POST\",\n				    url:  \"${moduleName}/${pathName}/delete\",\n                    contentType: \"application/json\",\n				    data: JSON.stringify(${pk.attrname}s),\n				    success: function(r){\n						if(r.code == 0){\n							alert(\'操作成功\', function(index){\n								$(\"#jqGrid\").trigger(\"reloadGrid\");\n							});\n						}else{\n							alert(r.msg);\n						}\n					}\n				});\n			});\n		},\n		getInfo: function(${pk.attrname}){\n			$.get( \"${moduleName}/${pathName}/info/\"+${pk.attrname}, function(r){\n                vm.${classname} = r.${classname};\n            });\n		},\n		reload: function (event) {\n			vm.showList = true;\n			var page = $(\"#jqGrid\").jqGrid(\'getGridParam\',\'page\');\n			$(\"#jqGrid\").jqGrid(\'setGridParam\',{ \n                page:page\n            }).trigger(\"reloadGrid\");\n		}\n	}\n});', '.js', 'main\\resources\\static\\js', 10, 'js', '2018-06-04 16:06:02', '2018-06-04 17:19:35', NULL, 'gen js 模板', '0');

-- ----------------------------
-- Table structure for t_system_dict
-- ----------------------------
DROP TABLE IF EXISTS `t_system_dict`;
CREATE TABLE `t_system_dict`  (
  `id` int(11) NOT NULL AUTO_INCREMENT COMMENT '主键id',
  `num` int(11) NULL DEFAULT NULL COMMENT '排序',
  `pid` int(11) NULL DEFAULT NULL COMMENT '父级字典',
  `name` varchar(255) CHARACTER SET utf8 COLLATE utf8_general_ci NULL DEFAULT NULL COMMENT '名称',
  `tips` varchar(255) CHARACTER SET utf8 COLLATE utf8_general_ci NULL DEFAULT NULL COMMENT '提示',
  `CRT_TIME` datetime(0) NULL DEFAULT NULL COMMENT '创建时间',
  `MDF_TIME` datetime(0) NULL DEFAULT NULL COMMENT '修改时间',
  PRIMARY KEY (`id`) USING BTREE
) ENGINE = InnoDB AUTO_INCREMENT = 46 CHARACTER SET = utf8 COLLATE = utf8_general_ci COMMENT = '字典表' ROW_FORMAT = Compact;

-- ----------------------------
-- Records of t_system_dict
-- ----------------------------
INSERT INTO `t_system_dict` VALUES (16, 0, 0, '状态', NULL, '2018-06-04 17:03:39', '2018-06-04 17:03:42');
INSERT INTO `t_system_dict` VALUES (45, 1, 1, '1', '1', NULL, NULL);

-- ----------------------------
-- Table structure for t_system_operation_log
-- ----------------------------
DROP TABLE IF EXISTS `t_system_operation_log`;
CREATE TABLE `t_system_operation_log`  (
  `id` int(65) NOT NULL AUTO_INCREMENT COMMENT '主键',
  `logtype` varchar(255) CHARACTER SET utf8 COLLATE utf8_general_ci NULL DEFAULT NULL COMMENT '日志类型',
  `logname` varchar(255) CHARACTER SET utf8 COLLATE utf8_general_ci NULL DEFAULT NULL COMMENT '日志名称',
  `userid` int(65) NULL DEFAULT NULL COMMENT '用户id',
  `classname` varchar(255) CHARACTER SET utf8 COLLATE utf8_general_ci NULL DEFAULT NULL COMMENT '类名称',
  `method` text CHARACTER SET utf8 COLLATE utf8_general_ci NULL COMMENT '方法名称',
  `createtime` datetime(0) NULL DEFAULT NULL COMMENT '创建时间',
  `succeed` varchar(255) CHARACTER SET utf8 COLLATE utf8_general_ci NULL DEFAULT NULL COMMENT '是否成功',
  `message` text CHARACTER SET utf8 COLLATE utf8_general_ci NULL COMMENT '备注',
  PRIMARY KEY (`id`) USING BTREE
) ENGINE = InnoDB AUTO_INCREMENT = 981 CHARACTER SET = utf8 COLLATE = utf8_general_ci COMMENT = '操作日志' ROW_FORMAT = Compact;

-- ----------------------------
-- Records of t_system_operation_log
-- ----------------------------
INSERT INTO `t_system_operation_log` VALUES (964, '业务日志', '数据库管理修改', 1, 'cn.afterturn.gen.modular.code.controller.DbInfoController', 'update', '2018-05-25 10:08:25', '成功', '主键id=5;;;');
INSERT INTO `t_system_operation_log` VALUES (965, '业务日志', '数据库管理修改', 1, 'cn.afterturn.gen.modular.code.controller.DbInfoController', 'update', '2018-05-25 10:08:30', '成功', '主键id=6;;;');
INSERT INTO `t_system_operation_log` VALUES (966, '异常日志', '', 1, NULL, NULL, '2018-05-25 10:09:55', '失败', 'java.lang.RuntimeException: 关闭 Connection 发生异常\r\n	at cn.afterturn.gen.core.util.ConnectionUtil.close(ConnectionUtil.java:73)\r\n	at cn.afterturn.gen.modular.code.controller.GenController.queryDatabses(GenController.java:140)\r\n	at cn.afterturn.gen.modular.code.controller.GenControllerTTFastClassBySpringCGLIBTT4cf7ba1.invoke(<generated>)\r\n	at org.springframework.cglib.proxy.MethodProxy.invoke(MethodProxy.java:204)\r\n	at org.springframework.aop.framework.CglibAopProxyTCglibMethodInvocation.invokeJoinpoint(CglibAopProxy.java:738)\r\n	at org.springframework.aop.framework.ReflectiveMethodInvocation.proceed(ReflectiveMethodInvocation.java:157)\r\n	at org.springframework.aop.aspectj.MethodInvocationProceedingJoinPoint.proceed(MethodInvocationProceedingJoinPoint.java:85)\r\n	at cn.afterturn.gen.core.intercept.SessionTimeoutInterceptor.sessionTimeoutValidate(SessionTimeoutInterceptor.java:44)\r\n	at sun.reflect.GeneratedMethodAccessor124.invoke(Unknown Source)\r\n	at sun.reflect.DelegatingMethodAccessorImpl.invoke(DelegatingMethodAccessorImpl.java:43)\r\n	at java.lang.reflect.Method.invoke(Method.java:498)\r\n	at org.springframework.aop.aspectj.AbstractAspectJAdvice.invokeAdviceMethodWithGivenArgs(AbstractAspectJAdvice.java:629)\r\n	at org.springframework.aop.aspectj.AbstractAspectJAdvice.invokeAdviceMethod(AbstractAspectJAdvice.java:618)\r\n	at org.springframework.aop.aspectj.AspectJAroundAdvice.invoke(AspectJAroundAdvice.java:70)\r\n	at org.springframework.aop.framework.ReflectiveMethodInvocation.proceed(ReflectiveMethodInvocation.java:179)\r\n	at org.springframework.aop.aspectj.MethodInvocationProceedingJoinPoint.proceed(MethodInvocationProceedingJoinPoint.java:85)\r\n	at cn.afterturn.gen.core.intercept.SessionInterceptor.sessionKit(SessionInterceptor.java:31)\r\n	at sun.reflect.GeneratedMethodAccessor123.invoke(Unknown Source)\r\n	at sun.reflect.DelegatingMethodAccessorImpl.invoke(DelegatingMethodAccessorImpl.java:43)\r\n	at java.lang.reflect.Method.invoke(Method.java:498)\r\n	at org.springframework.aop.aspectj.AbstractAspectJAdvice.invokeAdviceMethodWithGivenArgs(AbstractAspectJAdvice.java:629)\r\n	at org.springframework.aop.aspectj.AbstractAspectJAdvice.invokeAdviceMethod(AbstractAspectJAdvice.java:618)\r\n	at org.springframework.aop.aspectj.AspectJAroundAdvice.invoke(AspectJAroundAdvice.java:70)\r\n	at org.springframework.aop.framework.ReflectiveMethodInvocation.proceed(ReflectiveMethodInvocation.java:179)\r\n	at org.springframework.aop.interceptor.ExposeInvocationInterceptor.invoke(ExposeInvocationInterceptor.java:92)\r\n	at org.springframework.aop.framework.ReflectiveMethodInvocation.proceed(ReflectiveMethodInvocation.java:179)\r\n	at org.springframework.aop.framework.CglibAopProxyTDynamicAdvisedInterceptor.intercept(CglibAopProxy.java:673)\r\n	at cn.afterturn.gen.modular.code.controller.GenControllerTTEnhancerBySpringCGLIBTT11e9e1c8.queryDatabses(<generated>)\r\n	at sun.reflect.NativeMethodAccessorImpl.invoke0(Native Method)\r\n	at sun.reflect.NativeMethodAccessorImpl.invoke(NativeMethodAccessorImpl.java:62)\r\n	at sun.reflect.DelegatingMethodAccessorImpl.invoke(DelegatingMethodAccessorImpl.java:43)\r\n	at java.lang.reflect.Method.invoke(Method.java:498)\r\n	at org.springframework.web.method.support.InvocableHandlerMethod.doInvoke(InvocableHandlerMethod.java:205)\r\n	at org.springframework.web.method.support.InvocableHandlerMethod.invokeForRequest(InvocableHandlerMethod.java:133)\r\n	at org.springframework.web.servlet.mvc.method.annotation.ServletInvocableHandlerMethod.invokeAndHandle(ServletInvocableHandlerMethod.java:97)\r\n	at org.springframework.web.servlet.mvc.method.annotation.RequestMappingHandlerAdapter.invokeHandlerMethod(RequestMappingHandlerAdapter.java:827)\r\n	at org.springframework.web.servlet.mvc.method.annotation.RequestMappingHandlerAdapter.handleInternal(RequestMappingHandlerAdapter.java:738)\r\n	at org.springframework.web.servlet.mvc.method.AbstractHandlerMethodAdapter.handle(AbstractHandlerMethodAdapter.java:85)\r\n	at org.springframework.web.servlet.DispatcherServlet.doDispatch(DispatcherServlet.java:963)\r\n	at org.springframework.web.servlet.DispatcherServlet.doService(DispatcherServlet.java:897)\r\n	at org.springframework.web.servlet.FrameworkServlet.processRequest(FrameworkServlet.java:970)\r\n	at org.springframework.web.servlet.FrameworkServlet.doPost(FrameworkServlet.java:872)\r\n	at javax.servlet.http.HttpServlet.service(HttpServlet.java:661)\r\n	at org.springframework.web.servlet.FrameworkServlet.service(FrameworkServlet.java:846)\r\n	at javax.servlet.http.HttpServlet.service(HttpServlet.java:742)\r\n	at org.apache.catalina.core.ApplicationFilterChain.internalDoFilter(ApplicationFilterChain.java:231)\r\n	at org.apache.catalina.core.ApplicationFilterChain.doFilter(ApplicationFilterChain.java:166)\r\n	at org.apache.tomcat.websocket.server.WsFilter.doFilter(WsFilter.java:52)\r\n	at org.apache.catalina.core.ApplicationFilterChain.internalDoFilter(ApplicationFilterChain.java:193)\r\n	at org.apache.catalina.core.ApplicationFilterChain.doFilter(ApplicationFilterChain.java:166)\r\n	at org.apache.shiro.web.servlet.ProxiedFilterChain.doFilter(ProxiedFilterChain.java:61)\r\n	at org.apache.shiro.web.servlet.AdviceFilter.executeChain(AdviceFilter.java:108)\r\n	at org.apache.shiro.web.servlet.AdviceFilter.doFilterInternal(AdviceFilter.java:137)\r\n	at org.apache.shiro.web.servlet.OncePerRequestFilter.doFilter(OncePerRequestFilter.java:125)\r\n	at org.apache.shiro.web.servlet.ProxiedFilterChain.doFilter(ProxiedFilterChain.java:66)\r\n	at org.apache.shiro.web.servlet.AbstractShiroFilter.executeChain(AbstractShiroFilter.java:449)\r\n	at org.apache.shiro.web.servlet.AbstractShiroFilterT1.call(AbstractShiroFilter.java:365)\r\n	at org.apache.shiro.subject.support.SubjectCallable.doCall(SubjectCallable.java:90)\r\n	at org.apache.shiro.subject.support.SubjectCallable.call(SubjectCallable.java:83)\r\n	at org.apache.shiro.subject.support.DelegatingSubject.execute(DelegatingSubject.java:387)\r\n	at org.apache.shiro.web.servlet.AbstractShiroFilter.doFilterInternal(AbstractShiroFilter.java:362)\r\n	at org.apache.shiro.web.servlet.OncePerRequestFilter.doFilter(OncePerRequestFilter.java:125)\r\n	at org.apache.catalina.core.ApplicationFilterChain.internalDoFilter(ApplicationFilterChain.java:193)\r\n	at org.apache.catalina.core.ApplicationFilterChain.doFilter(ApplicationFilterChain.java:166)\r\n	at cn.afterturn.gen.core.xss.XssFilter.doFilter(XssFilter.java:37)\r\n	at org.apache.catalina.core.ApplicationFilterChain.internalDoFilter(ApplicationFilterChain.java:193)\r\n	at org.apache.catalina.core.ApplicationFilterChain.doFilter(ApplicationFilterChain.java:166)\r\n	at com.alibaba.druid.support.http.WebStatFilter.doFilter(WebStatFilter.java:123)\r\n	at org.apache.catalina.core.ApplicationFilterChain.internalDoFilter(ApplicationFilterChain.java:193)\r\n	at org.apache.catalina.core.ApplicationFilterChain.doFilter(ApplicationFilterChain.java:166)\r\n	at org.springframework.web.filter.RequestContextFilter.doFilterInternal(RequestContextFilter.java:99)\r\n	at org.springframework.web.filter.OncePerRequestFilter.doFilter(OncePerRequestFilter.java:107)\r\n	at org.apache.catalina.core.ApplicationFilterChain.internalDoFilter(ApplicationFilterChain.java:193)\r\n	at org.apache.catalina.core.ApplicationFilterChain.doFilter(ApplicationFilterChain.java:166)\r\n	at org.springframework.web.filter.HttpPutFormContentFilter.doFilterInternal(HttpPutFormContentFilter.java:105)\r\n	at org.springframework.web.filter.OncePerRequestFilter.doFilter(OncePerRequestFilter.java:107)\r\n	at org.apache.catalina.core.ApplicationFilterChain.internalDoFilter(ApplicationFilterChain.java:193)\r\n	at org.apache.catalina.core.ApplicationFilterChain.doFilter(ApplicationFilterChain.java:166)\r\n	at org.springframework.web.filter.HiddenHttpMethodFilter.doFilterInternal(HiddenHttpMethodFilter.java:81)\r\n	at org.springframework.web.filter.OncePerRequestFilter.doFilter(OncePerRequestFilter.java:107)\r\n	at org.apache.catalina.core.ApplicationFilterChain.internalDoFilter(ApplicationFilterChain.java:193)\r\n	at org.apache.catalina.core.ApplicationFilterChain.doFilter(ApplicationFilterChain.java:166)\r\n	at org.springframework.web.filter.CharacterEncodingFilter.doFilterInternal(CharacterEncodingFilter.java:197)\r\n	at org.springframework.web.filter.OncePerRequestFilter.doFilter(OncePerRequestFilter.java:107)\r\n	at org.apache.catalina.core.ApplicationFilterChain.internalDoFilter(ApplicationFilterChain.java:193)\r\n	at org.apache.catalina.core.ApplicationFilterChain.doFilter(ApplicationFilterChain.java:166)\r\n	at org.apache.catalina.core.StandardWrapperValve.invoke(StandardWrapperValve.java:198)\r\n	at org.apache.catalina.core.StandardContextValve.invoke(StandardContextValve.java:96)\r\n	at org.apache.catalina.authenticator.AuthenticatorBase.invoke(AuthenticatorBase.java:478)\r\n	at org.apache.catalina.core.StandardHostValve.invoke(StandardHostValve.java:140)\r\n	at org.apache.catalina.valves.ErrorReportValve.invoke(ErrorReportValve.java:80)\r\n	at org.apache.catalina.core.StandardEngineValve.invoke(StandardEngineValve.java:87)\r\n	at org.apache.catalina.connector.CoyoteAdapter.service(CoyoteAdapter.java:342)\r\n	at org.apache.coyote.http11.Http11Processor.service(Http11Processor.java:799)\r\n	at org.apache.coyote.AbstractProcessorLight.process(AbstractProcessorLight.java:66)\r\n	at org.apache.coyote.AbstractProtocolTConnectionHandler.process(AbstractProtocol.java:861)\r\n	at org.apache.tomcat.util.net.NioEndpointTSocketProcessor.doRun(NioEndpoint.java:1455)\r\n	at org.apache.tomcat.util.net.SocketProcessorBase.run(SocketProcessorBase.java:49)\r\n	at java.util.concurrent.ThreadPoolExecutor.runWorker(ThreadPoolExecutor.java:1149)\r\n	at java.util.concurrent.ThreadPoolExecutorTWorker.run(ThreadPoolExecutor.java:624)\r\n	at org.apache.tomcat.util.threads.TaskThreadTWrappingRunnable.run(TaskThread.java:61)\r\n	at java.lang.Thread.run(Thread.java:748)\r\nCaused by: java.lang.NullPointerException\r\n	at cn.afterturn.gen.core.util.ConnectionUtil.close(ConnectionUtil.java:70)\r\n	... 101 more\r\n');
INSERT INTO `t_system_operation_log` VALUES (967, '异常日志', '', 1, NULL, NULL, '2018-05-25 10:09:55', '失败', 'java.lang.RuntimeException: 关闭 Connection 发生异常\r\n	at cn.afterturn.gen.core.util.ConnectionUtil.close(ConnectionUtil.java:73)\r\n	at cn.afterturn.gen.modular.code.controller.GenController.queryDatabses(GenController.java:140)\r\n	at cn.afterturn.gen.modular.code.controller.GenControllerTTFastClassBySpringCGLIBTT4cf7ba1.invoke(<generated>)\r\n	at org.springframework.cglib.proxy.MethodProxy.invoke(MethodProxy.java:204)\r\n	at org.springframework.aop.framework.CglibAopProxyTCglibMethodInvocation.invokeJoinpoint(CglibAopProxy.java:738)\r\n	at org.springframework.aop.framework.ReflectiveMethodInvocation.proceed(ReflectiveMethodInvocation.java:157)\r\n	at org.springframework.aop.aspectj.MethodInvocationProceedingJoinPoint.proceed(MethodInvocationProceedingJoinPoint.java:85)\r\n	at cn.afterturn.gen.core.intercept.SessionTimeoutInterceptor.sessionTimeoutValidate(SessionTimeoutInterceptor.java:44)\r\n	at sun.reflect.GeneratedMethodAccessor124.invoke(Unknown Source)\r\n	at sun.reflect.DelegatingMethodAccessorImpl.invoke(DelegatingMethodAccessorImpl.java:43)\r\n	at java.lang.reflect.Method.invoke(Method.java:498)\r\n	at org.springframework.aop.aspectj.AbstractAspectJAdvice.invokeAdviceMethodWithGivenArgs(AbstractAspectJAdvice.java:629)\r\n	at org.springframework.aop.aspectj.AbstractAspectJAdvice.invokeAdviceMethod(AbstractAspectJAdvice.java:618)\r\n	at org.springframework.aop.aspectj.AspectJAroundAdvice.invoke(AspectJAroundAdvice.java:70)\r\n	at org.springframework.aop.framework.ReflectiveMethodInvocation.proceed(ReflectiveMethodInvocation.java:179)\r\n	at org.springframework.aop.aspectj.MethodInvocationProceedingJoinPoint.proceed(MethodInvocationProceedingJoinPoint.java:85)\r\n	at cn.afterturn.gen.core.intercept.SessionInterceptor.sessionKit(SessionInterceptor.java:31)\r\n	at sun.reflect.GeneratedMethodAccessor123.invoke(Unknown Source)\r\n	at sun.reflect.DelegatingMethodAccessorImpl.invoke(DelegatingMethodAccessorImpl.java:43)\r\n	at java.lang.reflect.Method.invoke(Method.java:498)\r\n	at org.springframework.aop.aspectj.AbstractAspectJAdvice.invokeAdviceMethodWithGivenArgs(AbstractAspectJAdvice.java:629)\r\n	at org.springframework.aop.aspectj.AbstractAspectJAdvice.invokeAdviceMethod(AbstractAspectJAdvice.java:618)\r\n	at org.springframework.aop.aspectj.AspectJAroundAdvice.invoke(AspectJAroundAdvice.java:70)\r\n	at org.springframework.aop.framework.ReflectiveMethodInvocation.proceed(ReflectiveMethodInvocation.java:179)\r\n	at org.springframework.aop.interceptor.ExposeInvocationInterceptor.invoke(ExposeInvocationInterceptor.java:92)\r\n	at org.springframework.aop.framework.ReflectiveMethodInvocation.proceed(ReflectiveMethodInvocation.java:179)\r\n	at org.springframework.aop.framework.CglibAopProxyTDynamicAdvisedInterceptor.intercept(CglibAopProxy.java:673)\r\n	at cn.afterturn.gen.modular.code.controller.GenControllerTTEnhancerBySpringCGLIBTT11e9e1c8.queryDatabses(<generated>)\r\n	at sun.reflect.NativeMethodAccessorImpl.invoke0(Native Method)\r\n	at sun.reflect.NativeMethodAccessorImpl.invoke(NativeMethodAccessorImpl.java:62)\r\n	at sun.reflect.DelegatingMethodAccessorImpl.invoke(DelegatingMethodAccessorImpl.java:43)\r\n	at java.lang.reflect.Method.invoke(Method.java:498)\r\n	at org.springframework.web.method.support.InvocableHandlerMethod.doInvoke(InvocableHandlerMethod.java:205)\r\n	at org.springframework.web.method.support.InvocableHandlerMethod.invokeForRequest(InvocableHandlerMethod.java:133)\r\n	at org.springframework.web.servlet.mvc.method.annotation.ServletInvocableHandlerMethod.invokeAndHandle(ServletInvocableHandlerMethod.java:97)\r\n	at org.springframework.web.servlet.mvc.method.annotation.RequestMappingHandlerAdapter.invokeHandlerMethod(RequestMappingHandlerAdapter.java:827)\r\n	at org.springframework.web.servlet.mvc.method.annotation.RequestMappingHandlerAdapter.handleInternal(RequestMappingHandlerAdapter.java:738)\r\n	at org.springframework.web.servlet.mvc.method.AbstractHandlerMethodAdapter.handle(AbstractHandlerMethodAdapter.java:85)\r\n	at org.springframework.web.servlet.DispatcherServlet.doDispatch(DispatcherServlet.java:963)\r\n	at org.springframework.web.servlet.DispatcherServlet.doService(DispatcherServlet.java:897)\r\n	at org.springframework.web.servlet.FrameworkServlet.processRequest(FrameworkServlet.java:970)\r\n	at org.springframework.web.servlet.FrameworkServlet.doPost(FrameworkServlet.java:872)\r\n	at javax.servlet.http.HttpServlet.service(HttpServlet.java:661)\r\n	at org.springframework.web.servlet.FrameworkServlet.service(FrameworkServlet.java:846)\r\n	at javax.servlet.http.HttpServlet.service(HttpServlet.java:742)\r\n	at org.apache.catalina.core.ApplicationFilterChain.internalDoFilter(ApplicationFilterChain.java:231)\r\n	at org.apache.catalina.core.ApplicationFilterChain.doFilter(ApplicationFilterChain.java:166)\r\n	at org.apache.tomcat.websocket.server.WsFilter.doFilter(WsFilter.java:52)\r\n	at org.apache.catalina.core.ApplicationFilterChain.internalDoFilter(ApplicationFilterChain.java:193)\r\n	at org.apache.catalina.core.ApplicationFilterChain.doFilter(ApplicationFilterChain.java:166)\r\n	at org.apache.shiro.web.servlet.ProxiedFilterChain.doFilter(ProxiedFilterChain.java:61)\r\n	at org.apache.shiro.web.servlet.AdviceFilter.executeChain(AdviceFilter.java:108)\r\n	at org.apache.shiro.web.servlet.AdviceFilter.doFilterInternal(AdviceFilter.java:137)\r\n	at org.apache.shiro.web.servlet.OncePerRequestFilter.doFilter(OncePerRequestFilter.java:125)\r\n	at org.apache.shiro.web.servlet.ProxiedFilterChain.doFilter(ProxiedFilterChain.java:66)\r\n	at org.apache.shiro.web.servlet.AbstractShiroFilter.executeChain(AbstractShiroFilter.java:449)\r\n	at org.apache.shiro.web.servlet.AbstractShiroFilterT1.call(AbstractShiroFilter.java:365)\r\n	at org.apache.shiro.subject.support.SubjectCallable.doCall(SubjectCallable.java:90)\r\n	at org.apache.shiro.subject.support.SubjectCallable.call(SubjectCallable.java:83)\r\n	at org.apache.shiro.subject.support.DelegatingSubject.execute(DelegatingSubject.java:387)\r\n	at org.apache.shiro.web.servlet.AbstractShiroFilter.doFilterInternal(AbstractShiroFilter.java:362)\r\n	at org.apache.shiro.web.servlet.OncePerRequestFilter.doFilter(OncePerRequestFilter.java:125)\r\n	at org.apache.catalina.core.ApplicationFilterChain.internalDoFilter(ApplicationFilterChain.java:193)\r\n	at org.apache.catalina.core.ApplicationFilterChain.doFilter(ApplicationFilterChain.java:166)\r\n	at cn.afterturn.gen.core.xss.XssFilter.doFilter(XssFilter.java:37)\r\n	at org.apache.catalina.core.ApplicationFilterChain.internalDoFilter(ApplicationFilterChain.java:193)\r\n	at org.apache.catalina.core.ApplicationFilterChain.doFilter(ApplicationFilterChain.java:166)\r\n	at com.alibaba.druid.support.http.WebStatFilter.doFilter(WebStatFilter.java:123)\r\n	at org.apache.catalina.core.ApplicationFilterChain.internalDoFilter(ApplicationFilterChain.java:193)\r\n	at org.apache.catalina.core.ApplicationFilterChain.doFilter(ApplicationFilterChain.java:166)\r\n	at org.springframework.web.filter.RequestContextFilter.doFilterInternal(RequestContextFilter.java:99)\r\n	at org.springframework.web.filter.OncePerRequestFilter.doFilter(OncePerRequestFilter.java:107)\r\n	at org.apache.catalina.core.ApplicationFilterChain.internalDoFilter(ApplicationFilterChain.java:193)\r\n	at org.apache.catalina.core.ApplicationFilterChain.doFilter(ApplicationFilterChain.java:166)\r\n	at org.springframework.web.filter.HttpPutFormContentFilter.doFilterInternal(HttpPutFormContentFilter.java:105)\r\n	at org.springframework.web.filter.OncePerRequestFilter.doFilter(OncePerRequestFilter.java:107)\r\n	at org.apache.catalina.core.ApplicationFilterChain.internalDoFilter(ApplicationFilterChain.java:193)\r\n	at org.apache.catalina.core.ApplicationFilterChain.doFilter(ApplicationFilterChain.java:166)\r\n	at org.springframework.web.filter.HiddenHttpMethodFilter.doFilterInternal(HiddenHttpMethodFilter.java:81)\r\n	at org.springframework.web.filter.OncePerRequestFilter.doFilter(OncePerRequestFilter.java:107)\r\n	at org.apache.catalina.core.ApplicationFilterChain.internalDoFilter(ApplicationFilterChain.java:193)\r\n	at org.apache.catalina.core.ApplicationFilterChain.doFilter(ApplicationFilterChain.java:166)\r\n	at org.springframework.web.filter.CharacterEncodingFilter.doFilterInternal(CharacterEncodingFilter.java:197)\r\n	at org.springframework.web.filter.OncePerRequestFilter.doFilter(OncePerRequestFilter.java:107)\r\n	at org.apache.catalina.core.ApplicationFilterChain.internalDoFilter(ApplicationFilterChain.java:193)\r\n	at org.apache.catalina.core.ApplicationFilterChain.doFilter(ApplicationFilterChain.java:166)\r\n	at org.apache.catalina.core.StandardWrapperValve.invoke(StandardWrapperValve.java:198)\r\n	at org.apache.catalina.core.StandardContextValve.invoke(StandardContextValve.java:96)\r\n	at org.apache.catalina.authenticator.AuthenticatorBase.invoke(AuthenticatorBase.java:478)\r\n	at org.apache.catalina.core.StandardHostValve.invoke(StandardHostValve.java:140)\r\n	at org.apache.catalina.valves.ErrorReportValve.invoke(ErrorReportValve.java:80)\r\n	at org.apache.catalina.core.StandardEngineValve.invoke(StandardEngineValve.java:87)\r\n	at org.apache.catalina.connector.CoyoteAdapter.service(CoyoteAdapter.java:342)\r\n	at org.apache.coyote.http11.Http11Processor.service(Http11Processor.java:799)\r\n	at org.apache.coyote.AbstractProcessorLight.process(AbstractProcessorLight.java:66)\r\n	at org.apache.coyote.AbstractProtocolTConnectionHandler.process(AbstractProtocol.java:861)\r\n	at org.apache.tomcat.util.net.NioEndpointTSocketProcessor.doRun(NioEndpoint.java:1455)\r\n	at org.apache.tomcat.util.net.SocketProcessorBase.run(SocketProcessorBase.java:49)\r\n	at java.util.concurrent.ThreadPoolExecutor.runWorker(ThreadPoolExecutor.java:1149)\r\n	at java.util.concurrent.ThreadPoolExecutorTWorker.run(ThreadPoolExecutor.java:624)\r\n	at org.apache.tomcat.util.threads.TaskThreadTWrappingRunnable.run(TaskThread.java:61)\r\n	at java.lang.Thread.run(Thread.java:748)\r\nCaused by: java.lang.NullPointerException\r\n	at cn.afterturn.gen.core.util.ConnectionUtil.close(ConnectionUtil.java:70)\r\n	... 101 more\r\n');
INSERT INTO `t_system_operation_log` VALUES (968, '异常日志', '', 1, NULL, NULL, '2018-05-25 10:09:55', '失败', 'java.lang.RuntimeException: 关闭 Connection 发生异常\r\n	at cn.afterturn.gen.core.util.ConnectionUtil.close(ConnectionUtil.java:73)\r\n	at cn.afterturn.gen.modular.code.controller.GenController.queryDatabses(GenController.java:140)\r\n	at cn.afterturn.gen.modular.code.controller.GenControllerTTFastClassBySpringCGLIBTT4cf7ba1.invoke(<generated>)\r\n	at org.springframework.cglib.proxy.MethodProxy.invoke(MethodProxy.java:204)\r\n	at org.springframework.aop.framework.CglibAopProxyTCglibMethodInvocation.invokeJoinpoint(CglibAopProxy.java:738)\r\n	at org.springframework.aop.framework.ReflectiveMethodInvocation.proceed(ReflectiveMethodInvocation.java:157)\r\n	at org.springframework.aop.aspectj.MethodInvocationProceedingJoinPoint.proceed(MethodInvocationProceedingJoinPoint.java:85)\r\n	at cn.afterturn.gen.core.intercept.SessionTimeoutInterceptor.sessionTimeoutValidate(SessionTimeoutInterceptor.java:44)\r\n	at sun.reflect.GeneratedMethodAccessor124.invoke(Unknown Source)\r\n	at sun.reflect.DelegatingMethodAccessorImpl.invoke(DelegatingMethodAccessorImpl.java:43)\r\n	at java.lang.reflect.Method.invoke(Method.java:498)\r\n	at org.springframework.aop.aspectj.AbstractAspectJAdvice.invokeAdviceMethodWithGivenArgs(AbstractAspectJAdvice.java:629)\r\n	at org.springframework.aop.aspectj.AbstractAspectJAdvice.invokeAdviceMethod(AbstractAspectJAdvice.java:618)\r\n	at org.springframework.aop.aspectj.AspectJAroundAdvice.invoke(AspectJAroundAdvice.java:70)\r\n	at org.springframework.aop.framework.ReflectiveMethodInvocation.proceed(ReflectiveMethodInvocation.java:179)\r\n	at org.springframework.aop.aspectj.MethodInvocationProceedingJoinPoint.proceed(MethodInvocationProceedingJoinPoint.java:85)\r\n	at cn.afterturn.gen.core.intercept.SessionInterceptor.sessionKit(SessionInterceptor.java:31)\r\n	at sun.reflect.GeneratedMethodAccessor123.invoke(Unknown Source)\r\n	at sun.reflect.DelegatingMethodAccessorImpl.invoke(DelegatingMethodAccessorImpl.java:43)\r\n	at java.lang.reflect.Method.invoke(Method.java:498)\r\n	at org.springframework.aop.aspectj.AbstractAspectJAdvice.invokeAdviceMethodWithGivenArgs(AbstractAspectJAdvice.java:629)\r\n	at org.springframework.aop.aspectj.AbstractAspectJAdvice.invokeAdviceMethod(AbstractAspectJAdvice.java:618)\r\n	at org.springframework.aop.aspectj.AspectJAroundAdvice.invoke(AspectJAroundAdvice.java:70)\r\n	at org.springframework.aop.framework.ReflectiveMethodInvocation.proceed(ReflectiveMethodInvocation.java:179)\r\n	at org.springframework.aop.interceptor.ExposeInvocationInterceptor.invoke(ExposeInvocationInterceptor.java:92)\r\n	at org.springframework.aop.framework.ReflectiveMethodInvocation.proceed(ReflectiveMethodInvocation.java:179)\r\n	at org.springframework.aop.framework.CglibAopProxyTDynamicAdvisedInterceptor.intercept(CglibAopProxy.java:673)\r\n	at cn.afterturn.gen.modular.code.controller.GenControllerTTEnhancerBySpringCGLIBTT11e9e1c8.queryDatabses(<generated>)\r\n	at sun.reflect.NativeMethodAccessorImpl.invoke0(Native Method)\r\n	at sun.reflect.NativeMethodAccessorImpl.invoke(NativeMethodAccessorImpl.java:62)\r\n	at sun.reflect.DelegatingMethodAccessorImpl.invoke(DelegatingMethodAccessorImpl.java:43)\r\n	at java.lang.reflect.Method.invoke(Method.java:498)\r\n	at org.springframework.web.method.support.InvocableHandlerMethod.doInvoke(InvocableHandlerMethod.java:205)\r\n	at org.springframework.web.method.support.InvocableHandlerMethod.invokeForRequest(InvocableHandlerMethod.java:133)\r\n	at org.springframework.web.servlet.mvc.method.annotation.ServletInvocableHandlerMethod.invokeAndHandle(ServletInvocableHandlerMethod.java:97)\r\n	at org.springframework.web.servlet.mvc.method.annotation.RequestMappingHandlerAdapter.invokeHandlerMethod(RequestMappingHandlerAdapter.java:827)\r\n	at org.springframework.web.servlet.mvc.method.annotation.RequestMappingHandlerAdapter.handleInternal(RequestMappingHandlerAdapter.java:738)\r\n	at org.springframework.web.servlet.mvc.method.AbstractHandlerMethodAdapter.handle(AbstractHandlerMethodAdapter.java:85)\r\n	at org.springframework.web.servlet.DispatcherServlet.doDispatch(DispatcherServlet.java:963)\r\n	at org.springframework.web.servlet.DispatcherServlet.doService(DispatcherServlet.java:897)\r\n	at org.springframework.web.servlet.FrameworkServlet.processRequest(FrameworkServlet.java:970)\r\n	at org.springframework.web.servlet.FrameworkServlet.doPost(FrameworkServlet.java:872)\r\n	at javax.servlet.http.HttpServlet.service(HttpServlet.java:661)\r\n	at org.springframework.web.servlet.FrameworkServlet.service(FrameworkServlet.java:846)\r\n	at javax.servlet.http.HttpServlet.service(HttpServlet.java:742)\r\n	at org.apache.catalina.core.ApplicationFilterChain.internalDoFilter(ApplicationFilterChain.java:231)\r\n	at org.apache.catalina.core.ApplicationFilterChain.doFilter(ApplicationFilterChain.java:166)\r\n	at org.apache.tomcat.websocket.server.WsFilter.doFilter(WsFilter.java:52)\r\n	at org.apache.catalina.core.ApplicationFilterChain.internalDoFilter(ApplicationFilterChain.java:193)\r\n	at org.apache.catalina.core.ApplicationFilterChain.doFilter(ApplicationFilterChain.java:166)\r\n	at org.apache.shiro.web.servlet.ProxiedFilterChain.doFilter(ProxiedFilterChain.java:61)\r\n	at org.apache.shiro.web.servlet.AdviceFilter.executeChain(AdviceFilter.java:108)\r\n	at org.apache.shiro.web.servlet.AdviceFilter.doFilterInternal(AdviceFilter.java:137)\r\n	at org.apache.shiro.web.servlet.OncePerRequestFilter.doFilter(OncePerRequestFilter.java:125)\r\n	at org.apache.shiro.web.servlet.ProxiedFilterChain.doFilter(ProxiedFilterChain.java:66)\r\n	at org.apache.shiro.web.servlet.AbstractShiroFilter.executeChain(AbstractShiroFilter.java:449)\r\n	at org.apache.shiro.web.servlet.AbstractShiroFilterT1.call(AbstractShiroFilter.java:365)\r\n	at org.apache.shiro.subject.support.SubjectCallable.doCall(SubjectCallable.java:90)\r\n	at org.apache.shiro.subject.support.SubjectCallable.call(SubjectCallable.java:83)\r\n	at org.apache.shiro.subject.support.DelegatingSubject.execute(DelegatingSubject.java:387)\r\n	at org.apache.shiro.web.servlet.AbstractShiroFilter.doFilterInternal(AbstractShiroFilter.java:362)\r\n	at org.apache.shiro.web.servlet.OncePerRequestFilter.doFilter(OncePerRequestFilter.java:125)\r\n	at org.apache.catalina.core.ApplicationFilterChain.internalDoFilter(ApplicationFilterChain.java:193)\r\n	at org.apache.catalina.core.ApplicationFilterChain.doFilter(ApplicationFilterChain.java:166)\r\n	at cn.afterturn.gen.core.xss.XssFilter.doFilter(XssFilter.java:37)\r\n	at org.apache.catalina.core.ApplicationFilterChain.internalDoFilter(ApplicationFilterChain.java:193)\r\n	at org.apache.catalina.core.ApplicationFilterChain.doFilter(ApplicationFilterChain.java:166)\r\n	at com.alibaba.druid.support.http.WebStatFilter.doFilter(WebStatFilter.java:123)\r\n	at org.apache.catalina.core.ApplicationFilterChain.internalDoFilter(ApplicationFilterChain.java:193)\r\n	at org.apache.catalina.core.ApplicationFilterChain.doFilter(ApplicationFilterChain.java:166)\r\n	at org.springframework.web.filter.RequestContextFilter.doFilterInternal(RequestContextFilter.java:99)\r\n	at org.springframework.web.filter.OncePerRequestFilter.doFilter(OncePerRequestFilter.java:107)\r\n	at org.apache.catalina.core.ApplicationFilterChain.internalDoFilter(ApplicationFilterChain.java:193)\r\n	at org.apache.catalina.core.ApplicationFilterChain.doFilter(ApplicationFilterChain.java:166)\r\n	at org.springframework.web.filter.HttpPutFormContentFilter.doFilterInternal(HttpPutFormContentFilter.java:105)\r\n	at org.springframework.web.filter.OncePerRequestFilter.doFilter(OncePerRequestFilter.java:107)\r\n	at org.apache.catalina.core.ApplicationFilterChain.internalDoFilter(ApplicationFilterChain.java:193)\r\n	at org.apache.catalina.core.ApplicationFilterChain.doFilter(ApplicationFilterChain.java:166)\r\n	at org.springframework.web.filter.HiddenHttpMethodFilter.doFilterInternal(HiddenHttpMethodFilter.java:81)\r\n	at org.springframework.web.filter.OncePerRequestFilter.doFilter(OncePerRequestFilter.java:107)\r\n	at org.apache.catalina.core.ApplicationFilterChain.internalDoFilter(ApplicationFilterChain.java:193)\r\n	at org.apache.catalina.core.ApplicationFilterChain.doFilter(ApplicationFilterChain.java:166)\r\n	at org.springframework.web.filter.CharacterEncodingFilter.doFilterInternal(CharacterEncodingFilter.java:197)\r\n	at org.springframework.web.filter.OncePerRequestFilter.doFilter(OncePerRequestFilter.java:107)\r\n	at org.apache.catalina.core.ApplicationFilterChain.internalDoFilter(ApplicationFilterChain.java:193)\r\n	at org.apache.catalina.core.ApplicationFilterChain.doFilter(ApplicationFilterChain.java:166)\r\n	at org.apache.catalina.core.StandardWrapperValve.invoke(StandardWrapperValve.java:198)\r\n	at org.apache.catalina.core.StandardContextValve.invoke(StandardContextValve.java:96)\r\n	at org.apache.catalina.authenticator.AuthenticatorBase.invoke(AuthenticatorBase.java:478)\r\n	at org.apache.catalina.core.StandardHostValve.invoke(StandardHostValve.java:140)\r\n	at org.apache.catalina.valves.ErrorReportValve.invoke(ErrorReportValve.java:80)\r\n	at org.apache.catalina.core.StandardEngineValve.invoke(StandardEngineValve.java:87)\r\n	at org.apache.catalina.connector.CoyoteAdapter.service(CoyoteAdapter.java:342)\r\n	at org.apache.coyote.http11.Http11Processor.service(Http11Processor.java:799)\r\n	at org.apache.coyote.AbstractProcessorLight.process(AbstractProcessorLight.java:66)\r\n	at org.apache.coyote.AbstractProtocolTConnectionHandler.process(AbstractProtocol.java:861)\r\n	at org.apache.tomcat.util.net.NioEndpointTSocketProcessor.doRun(NioEndpoint.java:1455)\r\n	at org.apache.tomcat.util.net.SocketProcessorBase.run(SocketProcessorBase.java:49)\r\n	at java.util.concurrent.ThreadPoolExecutor.runWorker(ThreadPoolExecutor.java:1149)\r\n	at java.util.concurrent.ThreadPoolExecutorTWorker.run(ThreadPoolExecutor.java:624)\r\n	at org.apache.tomcat.util.threads.TaskThreadTWrappingRunnable.run(TaskThread.java:61)\r\n	at java.lang.Thread.run(Thread.java:748)\r\nCaused by: java.lang.NullPointerException\r\n	at cn.afterturn.gen.core.util.ConnectionUtil.close(ConnectionUtil.java:70)\r\n	... 101 more\r\n');
INSERT INTO `t_system_operation_log` VALUES (969, '异常日志', '', 1, NULL, NULL, '2018-05-25 10:09:59', '失败', 'java.lang.RuntimeException: 关闭 Connection 发生异常\r\n	at cn.afterturn.gen.core.util.ConnectionUtil.close(ConnectionUtil.java:73)\r\n	at cn.afterturn.gen.modular.code.controller.GenController.queryDatabses(GenController.java:140)\r\n	at cn.afterturn.gen.modular.code.controller.GenControllerTTFastClassBySpringCGLIBTT4cf7ba1.invoke(<generated>)\r\n	at org.springframework.cglib.proxy.MethodProxy.invoke(MethodProxy.java:204)\r\n	at org.springframework.aop.framework.CglibAopProxyTCglibMethodInvocation.invokeJoinpoint(CglibAopProxy.java:738)\r\n	at org.springframework.aop.framework.ReflectiveMethodInvocation.proceed(ReflectiveMethodInvocation.java:157)\r\n	at org.springframework.aop.aspectj.MethodInvocationProceedingJoinPoint.proceed(MethodInvocationProceedingJoinPoint.java:85)\r\n	at cn.afterturn.gen.core.intercept.SessionTimeoutInterceptor.sessionTimeoutValidate(SessionTimeoutInterceptor.java:44)\r\n	at sun.reflect.GeneratedMethodAccessor124.invoke(Unknown Source)\r\n	at sun.reflect.DelegatingMethodAccessorImpl.invoke(DelegatingMethodAccessorImpl.java:43)\r\n	at java.lang.reflect.Method.invoke(Method.java:498)\r\n	at org.springframework.aop.aspectj.AbstractAspectJAdvice.invokeAdviceMethodWithGivenArgs(AbstractAspectJAdvice.java:629)\r\n	at org.springframework.aop.aspectj.AbstractAspectJAdvice.invokeAdviceMethod(AbstractAspectJAdvice.java:618)\r\n	at org.springframework.aop.aspectj.AspectJAroundAdvice.invoke(AspectJAroundAdvice.java:70)\r\n	at org.springframework.aop.framework.ReflectiveMethodInvocation.proceed(ReflectiveMethodInvocation.java:179)\r\n	at org.springframework.aop.aspectj.MethodInvocationProceedingJoinPoint.proceed(MethodInvocationProceedingJoinPoint.java:85)\r\n	at cn.afterturn.gen.core.intercept.SessionInterceptor.sessionKit(SessionInterceptor.java:31)\r\n	at sun.reflect.GeneratedMethodAccessor123.invoke(Unknown Source)\r\n	at sun.reflect.DelegatingMethodAccessorImpl.invoke(DelegatingMethodAccessorImpl.java:43)\r\n	at java.lang.reflect.Method.invoke(Method.java:498)\r\n	at org.springframework.aop.aspectj.AbstractAspectJAdvice.invokeAdviceMethodWithGivenArgs(AbstractAspectJAdvice.java:629)\r\n	at org.springframework.aop.aspectj.AbstractAspectJAdvice.invokeAdviceMethod(AbstractAspectJAdvice.java:618)\r\n	at org.springframework.aop.aspectj.AspectJAroundAdvice.invoke(AspectJAroundAdvice.java:70)\r\n	at org.springframework.aop.framework.ReflectiveMethodInvocation.proceed(ReflectiveMethodInvocation.java:179)\r\n	at org.springframework.aop.interceptor.ExposeInvocationInterceptor.invoke(ExposeInvocationInterceptor.java:92)\r\n	at org.springframework.aop.framework.ReflectiveMethodInvocation.proceed(ReflectiveMethodInvocation.java:179)\r\n	at org.springframework.aop.framework.CglibAopProxyTDynamicAdvisedInterceptor.intercept(CglibAopProxy.java:673)\r\n	at cn.afterturn.gen.modular.code.controller.GenControllerTTEnhancerBySpringCGLIBTT11e9e1c8.queryDatabses(<generated>)\r\n	at sun.reflect.NativeMethodAccessorImpl.invoke0(Native Method)\r\n	at sun.reflect.NativeMethodAccessorImpl.invoke(NativeMethodAccessorImpl.java:62)\r\n	at sun.reflect.DelegatingMethodAccessorImpl.invoke(DelegatingMethodAccessorImpl.java:43)\r\n	at java.lang.reflect.Method.invoke(Method.java:498)\r\n	at org.springframework.web.method.support.InvocableHandlerMethod.doInvoke(InvocableHandlerMethod.java:205)\r\n	at org.springframework.web.method.support.InvocableHandlerMethod.invokeForRequest(InvocableHandlerMethod.java:133)\r\n	at org.springframework.web.servlet.mvc.method.annotation.ServletInvocableHandlerMethod.invokeAndHandle(ServletInvocableHandlerMethod.java:97)\r\n	at org.springframework.web.servlet.mvc.method.annotation.RequestMappingHandlerAdapter.invokeHandlerMethod(RequestMappingHandlerAdapter.java:827)\r\n	at org.springframework.web.servlet.mvc.method.annotation.RequestMappingHandlerAdapter.handleInternal(RequestMappingHandlerAdapter.java:738)\r\n	at org.springframework.web.servlet.mvc.method.AbstractHandlerMethodAdapter.handle(AbstractHandlerMethodAdapter.java:85)\r\n	at org.springframework.web.servlet.DispatcherServlet.doDispatch(DispatcherServlet.java:963)\r\n	at org.springframework.web.servlet.DispatcherServlet.doService(DispatcherServlet.java:897)\r\n	at org.springframework.web.servlet.FrameworkServlet.processRequest(FrameworkServlet.java:970)\r\n	at org.springframework.web.servlet.FrameworkServlet.doPost(FrameworkServlet.java:872)\r\n	at javax.servlet.http.HttpServlet.service(HttpServlet.java:661)\r\n	at org.springframework.web.servlet.FrameworkServlet.service(FrameworkServlet.java:846)\r\n	at javax.servlet.http.HttpServlet.service(HttpServlet.java:742)\r\n	at org.apache.catalina.core.ApplicationFilterChain.internalDoFilter(ApplicationFilterChain.java:231)\r\n	at org.apache.catalina.core.ApplicationFilterChain.doFilter(ApplicationFilterChain.java:166)\r\n	at org.apache.tomcat.websocket.server.WsFilter.doFilter(WsFilter.java:52)\r\n	at org.apache.catalina.core.ApplicationFilterChain.internalDoFilter(ApplicationFilterChain.java:193)\r\n	at org.apache.catalina.core.ApplicationFilterChain.doFilter(ApplicationFilterChain.java:166)\r\n	at org.apache.shiro.web.servlet.ProxiedFilterChain.doFilter(ProxiedFilterChain.java:61)\r\n	at org.apache.shiro.web.servlet.AdviceFilter.executeChain(AdviceFilter.java:108)\r\n	at org.apache.shiro.web.servlet.AdviceFilter.doFilterInternal(AdviceFilter.java:137)\r\n	at org.apache.shiro.web.servlet.OncePerRequestFilter.doFilter(OncePerRequestFilter.java:125)\r\n	at org.apache.shiro.web.servlet.ProxiedFilterChain.doFilter(ProxiedFilterChain.java:66)\r\n	at org.apache.shiro.web.servlet.AbstractShiroFilter.executeChain(AbstractShiroFilter.java:449)\r\n	at org.apache.shiro.web.servlet.AbstractShiroFilterT1.call(AbstractShiroFilter.java:365)\r\n	at org.apache.shiro.subject.support.SubjectCallable.doCall(SubjectCallable.java:90)\r\n	at org.apache.shiro.subject.support.SubjectCallable.call(SubjectCallable.java:83)\r\n	at org.apache.shiro.subject.support.DelegatingSubject.execute(DelegatingSubject.java:387)\r\n	at org.apache.shiro.web.servlet.AbstractShiroFilter.doFilterInternal(AbstractShiroFilter.java:362)\r\n	at org.apache.shiro.web.servlet.OncePerRequestFilter.doFilter(OncePerRequestFilter.java:125)\r\n	at org.apache.catalina.core.ApplicationFilterChain.internalDoFilter(ApplicationFilterChain.java:193)\r\n	at org.apache.catalina.core.ApplicationFilterChain.doFilter(ApplicationFilterChain.java:166)\r\n	at cn.afterturn.gen.core.xss.XssFilter.doFilter(XssFilter.java:37)\r\n	at org.apache.catalina.core.ApplicationFilterChain.internalDoFilter(ApplicationFilterChain.java:193)\r\n	at org.apache.catalina.core.ApplicationFilterChain.doFilter(ApplicationFilterChain.java:166)\r\n	at com.alibaba.druid.support.http.WebStatFilter.doFilter(WebStatFilter.java:123)\r\n	at org.apache.catalina.core.ApplicationFilterChain.internalDoFilter(ApplicationFilterChain.java:193)\r\n	at org.apache.catalina.core.ApplicationFilterChain.doFilter(ApplicationFilterChain.java:166)\r\n	at org.springframework.web.filter.RequestContextFilter.doFilterInternal(RequestContextFilter.java:99)\r\n	at org.springframework.web.filter.OncePerRequestFilter.doFilter(OncePerRequestFilter.java:107)\r\n	at org.apache.catalina.core.ApplicationFilterChain.internalDoFilter(ApplicationFilterChain.java:193)\r\n	at org.apache.catalina.core.ApplicationFilterChain.doFilter(ApplicationFilterChain.java:166)\r\n	at org.springframework.web.filter.HttpPutFormContentFilter.doFilterInternal(HttpPutFormContentFilter.java:105)\r\n	at org.springframework.web.filter.OncePerRequestFilter.doFilter(OncePerRequestFilter.java:107)\r\n	at org.apache.catalina.core.ApplicationFilterChain.internalDoFilter(ApplicationFilterChain.java:193)\r\n	at org.apache.catalina.core.ApplicationFilterChain.doFilter(ApplicationFilterChain.java:166)\r\n	at org.springframework.web.filter.HiddenHttpMethodFilter.doFilterInternal(HiddenHttpMethodFilter.java:81)\r\n	at org.springframework.web.filter.OncePerRequestFilter.doFilter(OncePerRequestFilter.java:107)\r\n	at org.apache.catalina.core.ApplicationFilterChain.internalDoFilter(ApplicationFilterChain.java:193)\r\n	at org.apache.catalina.core.ApplicationFilterChain.doFilter(ApplicationFilterChain.java:166)\r\n	at org.springframework.web.filter.CharacterEncodingFilter.doFilterInternal(CharacterEncodingFilter.java:197)\r\n	at org.springframework.web.filter.OncePerRequestFilter.doFilter(OncePerRequestFilter.java:107)\r\n	at org.apache.catalina.core.ApplicationFilterChain.internalDoFilter(ApplicationFilterChain.java:193)\r\n	at org.apache.catalina.core.ApplicationFilterChain.doFilter(ApplicationFilterChain.java:166)\r\n	at org.apache.catalina.core.StandardWrapperValve.invoke(StandardWrapperValve.java:198)\r\n	at org.apache.catalina.core.StandardContextValve.invoke(StandardContextValve.java:96)\r\n	at org.apache.catalina.authenticator.AuthenticatorBase.invoke(AuthenticatorBase.java:478)\r\n	at org.apache.catalina.core.StandardHostValve.invoke(StandardHostValve.java:140)\r\n	at org.apache.catalina.valves.ErrorReportValve.invoke(ErrorReportValve.java:80)\r\n	at org.apache.catalina.core.StandardEngineValve.invoke(StandardEngineValve.java:87)\r\n	at org.apache.catalina.connector.CoyoteAdapter.service(CoyoteAdapter.java:342)\r\n	at org.apache.coyote.http11.Http11Processor.service(Http11Processor.java:799)\r\n	at org.apache.coyote.AbstractProcessorLight.process(AbstractProcessorLight.java:66)\r\n	at org.apache.coyote.AbstractProtocolTConnectionHandler.process(AbstractProtocol.java:861)\r\n	at org.apache.tomcat.util.net.NioEndpointTSocketProcessor.doRun(NioEndpoint.java:1455)\r\n	at org.apache.tomcat.util.net.SocketProcessorBase.run(SocketProcessorBase.java:49)\r\n	at java.util.concurrent.ThreadPoolExecutor.runWorker(ThreadPoolExecutor.java:1149)\r\n	at java.util.concurrent.ThreadPoolExecutorTWorker.run(ThreadPoolExecutor.java:624)\r\n	at org.apache.tomcat.util.threads.TaskThreadTWrappingRunnable.run(TaskThread.java:61)\r\n	at java.lang.Thread.run(Thread.java:748)\r\nCaused by: java.lang.NullPointerException\r\n	at cn.afterturn.gen.core.util.ConnectionUtil.close(ConnectionUtil.java:70)\r\n	... 101 more\r\n');
INSERT INTO `t_system_operation_log` VALUES (970, '异常日志', '', 1, NULL, NULL, '2018-05-25 10:10:07', '失败', 'java.lang.RuntimeException: 关闭 Connection 发生异常\r\n	at cn.afterturn.gen.core.util.ConnectionUtil.close(ConnectionUtil.java:73)\r\n	at cn.afterturn.gen.modular.code.controller.GenController.queryDatabses(GenController.java:140)\r\n	at cn.afterturn.gen.modular.code.controller.GenControllerTTFastClassBySpringCGLIBTT4cf7ba1.invoke(<generated>)\r\n	at org.springframework.cglib.proxy.MethodProxy.invoke(MethodProxy.java:204)\r\n	at org.springframework.aop.framework.CglibAopProxyTCglibMethodInvocation.invokeJoinpoint(CglibAopProxy.java:738)\r\n	at org.springframework.aop.framework.ReflectiveMethodInvocation.proceed(ReflectiveMethodInvocation.java:157)\r\n	at org.springframework.aop.aspectj.MethodInvocationProceedingJoinPoint.proceed(MethodInvocationProceedingJoinPoint.java:85)\r\n	at cn.afterturn.gen.core.intercept.SessionTimeoutInterceptor.sessionTimeoutValidate(SessionTimeoutInterceptor.java:44)\r\n	at sun.reflect.GeneratedMethodAccessor124.invoke(Unknown Source)\r\n	at sun.reflect.DelegatingMethodAccessorImpl.invoke(DelegatingMethodAccessorImpl.java:43)\r\n	at java.lang.reflect.Method.invoke(Method.java:498)\r\n	at org.springframework.aop.aspectj.AbstractAspectJAdvice.invokeAdviceMethodWithGivenArgs(AbstractAspectJAdvice.java:629)\r\n	at org.springframework.aop.aspectj.AbstractAspectJAdvice.invokeAdviceMethod(AbstractAspectJAdvice.java:618)\r\n	at org.springframework.aop.aspectj.AspectJAroundAdvice.invoke(AspectJAroundAdvice.java:70)\r\n	at org.springframework.aop.framework.ReflectiveMethodInvocation.proceed(ReflectiveMethodInvocation.java:179)\r\n	at org.springframework.aop.aspectj.MethodInvocationProceedingJoinPoint.proceed(MethodInvocationProceedingJoinPoint.java:85)\r\n	at cn.afterturn.gen.core.intercept.SessionInterceptor.sessionKit(SessionInterceptor.java:31)\r\n	at sun.reflect.GeneratedMethodAccessor123.invoke(Unknown Source)\r\n	at sun.reflect.DelegatingMethodAccessorImpl.invoke(DelegatingMethodAccessorImpl.java:43)\r\n	at java.lang.reflect.Method.invoke(Method.java:498)\r\n	at org.springframework.aop.aspectj.AbstractAspectJAdvice.invokeAdviceMethodWithGivenArgs(AbstractAspectJAdvice.java:629)\r\n	at org.springframework.aop.aspectj.AbstractAspectJAdvice.invokeAdviceMethod(AbstractAspectJAdvice.java:618)\r\n	at org.springframework.aop.aspectj.AspectJAroundAdvice.invoke(AspectJAroundAdvice.java:70)\r\n	at org.springframework.aop.framework.ReflectiveMethodInvocation.proceed(ReflectiveMethodInvocation.java:179)\r\n	at org.springframework.aop.interceptor.ExposeInvocationInterceptor.invoke(ExposeInvocationInterceptor.java:92)\r\n	at org.springframework.aop.framework.ReflectiveMethodInvocation.proceed(ReflectiveMethodInvocation.java:179)\r\n	at org.springframework.aop.framework.CglibAopProxyTDynamicAdvisedInterceptor.intercept(CglibAopProxy.java:673)\r\n	at cn.afterturn.gen.modular.code.controller.GenControllerTTEnhancerBySpringCGLIBTT11e9e1c8.queryDatabses(<generated>)\r\n	at sun.reflect.NativeMethodAccessorImpl.invoke0(Native Method)\r\n	at sun.reflect.NativeMethodAccessorImpl.invoke(NativeMethodAccessorImpl.java:62)\r\n	at sun.reflect.DelegatingMethodAccessorImpl.invoke(DelegatingMethodAccessorImpl.java:43)\r\n	at java.lang.reflect.Method.invoke(Method.java:498)\r\n	at org.springframework.web.method.support.InvocableHandlerMethod.doInvoke(InvocableHandlerMethod.java:205)\r\n	at org.springframework.web.method.support.InvocableHandlerMethod.invokeForRequest(InvocableHandlerMethod.java:133)\r\n	at org.springframework.web.servlet.mvc.method.annotation.ServletInvocableHandlerMethod.invokeAndHandle(ServletInvocableHandlerMethod.java:97)\r\n	at org.springframework.web.servlet.mvc.method.annotation.RequestMappingHandlerAdapter.invokeHandlerMethod(RequestMappingHandlerAdapter.java:827)\r\n	at org.springframework.web.servlet.mvc.method.annotation.RequestMappingHandlerAdapter.handleInternal(RequestMappingHandlerAdapter.java:738)\r\n	at org.springframework.web.servlet.mvc.method.AbstractHandlerMethodAdapter.handle(AbstractHandlerMethodAdapter.java:85)\r\n	at org.springframework.web.servlet.DispatcherServlet.doDispatch(DispatcherServlet.java:963)\r\n	at org.springframework.web.servlet.DispatcherServlet.doService(DispatcherServlet.java:897)\r\n	at org.springframework.web.servlet.FrameworkServlet.processRequest(FrameworkServlet.java:970)\r\n	at org.springframework.web.servlet.FrameworkServlet.doPost(FrameworkServlet.java:872)\r\n	at javax.servlet.http.HttpServlet.service(HttpServlet.java:661)\r\n	at org.springframework.web.servlet.FrameworkServlet.service(FrameworkServlet.java:846)\r\n	at javax.servlet.http.HttpServlet.service(HttpServlet.java:742)\r\n	at org.apache.catalina.core.ApplicationFilterChain.internalDoFilter(ApplicationFilterChain.java:231)\r\n	at org.apache.catalina.core.ApplicationFilterChain.doFilter(ApplicationFilterChain.java:166)\r\n	at org.apache.tomcat.websocket.server.WsFilter.doFilter(WsFilter.java:52)\r\n	at org.apache.catalina.core.ApplicationFilterChain.internalDoFilter(ApplicationFilterChain.java:193)\r\n	at org.apache.catalina.core.ApplicationFilterChain.doFilter(ApplicationFilterChain.java:166)\r\n	at org.apache.shiro.web.servlet.ProxiedFilterChain.doFilter(ProxiedFilterChain.java:61)\r\n	at org.apache.shiro.web.servlet.AdviceFilter.executeChain(AdviceFilter.java:108)\r\n	at org.apache.shiro.web.servlet.AdviceFilter.doFilterInternal(AdviceFilter.java:137)\r\n	at org.apache.shiro.web.servlet.OncePerRequestFilter.doFilter(OncePerRequestFilter.java:125)\r\n	at org.apache.shiro.web.servlet.ProxiedFilterChain.doFilter(ProxiedFilterChain.java:66)\r\n	at org.apache.shiro.web.servlet.AbstractShiroFilter.executeChain(AbstractShiroFilter.java:449)\r\n	at org.apache.shiro.web.servlet.AbstractShiroFilterT1.call(AbstractShiroFilter.java:365)\r\n	at org.apache.shiro.subject.support.SubjectCallable.doCall(SubjectCallable.java:90)\r\n	at org.apache.shiro.subject.support.SubjectCallable.call(SubjectCallable.java:83)\r\n	at org.apache.shiro.subject.support.DelegatingSubject.execute(DelegatingSubject.java:387)\r\n	at org.apache.shiro.web.servlet.AbstractShiroFilter.doFilterInternal(AbstractShiroFilter.java:362)\r\n	at org.apache.shiro.web.servlet.OncePerRequestFilter.doFilter(OncePerRequestFilter.java:125)\r\n	at org.apache.catalina.core.ApplicationFilterChain.internalDoFilter(ApplicationFilterChain.java:193)\r\n	at org.apache.catalina.core.ApplicationFilterChain.doFilter(ApplicationFilterChain.java:166)\r\n	at cn.afterturn.gen.core.xss.XssFilter.doFilter(XssFilter.java:37)\r\n	at org.apache.catalina.core.ApplicationFilterChain.internalDoFilter(ApplicationFilterChain.java:193)\r\n	at org.apache.catalina.core.ApplicationFilterChain.doFilter(ApplicationFilterChain.java:166)\r\n	at com.alibaba.druid.support.http.WebStatFilter.doFilter(WebStatFilter.java:123)\r\n	at org.apache.catalina.core.ApplicationFilterChain.internalDoFilter(ApplicationFilterChain.java:193)\r\n	at org.apache.catalina.core.ApplicationFilterChain.doFilter(ApplicationFilterChain.java:166)\r\n	at org.springframework.web.filter.RequestContextFilter.doFilterInternal(RequestContextFilter.java:99)\r\n	at org.springframework.web.filter.OncePerRequestFilter.doFilter(OncePerRequestFilter.java:107)\r\n	at org.apache.catalina.core.ApplicationFilterChain.internalDoFilter(ApplicationFilterChain.java:193)\r\n	at org.apache.catalina.core.ApplicationFilterChain.doFilter(ApplicationFilterChain.java:166)\r\n	at org.springframework.web.filter.HttpPutFormContentFilter.doFilterInternal(HttpPutFormContentFilter.java:105)\r\n	at org.springframework.web.filter.OncePerRequestFilter.doFilter(OncePerRequestFilter.java:107)\r\n	at org.apache.catalina.core.ApplicationFilterChain.internalDoFilter(ApplicationFilterChain.java:193)\r\n	at org.apache.catalina.core.ApplicationFilterChain.doFilter(ApplicationFilterChain.java:166)\r\n	at org.springframework.web.filter.HiddenHttpMethodFilter.doFilterInternal(HiddenHttpMethodFilter.java:81)\r\n	at org.springframework.web.filter.OncePerRequestFilter.doFilter(OncePerRequestFilter.java:107)\r\n	at org.apache.catalina.core.ApplicationFilterChain.internalDoFilter(ApplicationFilterChain.java:193)\r\n	at org.apache.catalina.core.ApplicationFilterChain.doFilter(ApplicationFilterChain.java:166)\r\n	at org.springframework.web.filter.CharacterEncodingFilter.doFilterInternal(CharacterEncodingFilter.java:197)\r\n	at org.springframework.web.filter.OncePerRequestFilter.doFilter(OncePerRequestFilter.java:107)\r\n	at org.apache.catalina.core.ApplicationFilterChain.internalDoFilter(ApplicationFilterChain.java:193)\r\n	at org.apache.catalina.core.ApplicationFilterChain.doFilter(ApplicationFilterChain.java:166)\r\n	at org.apache.catalina.core.StandardWrapperValve.invoke(StandardWrapperValve.java:198)\r\n	at org.apache.catalina.core.StandardContextValve.invoke(StandardContextValve.java:96)\r\n	at org.apache.catalina.authenticator.AuthenticatorBase.invoke(AuthenticatorBase.java:478)\r\n	at org.apache.catalina.core.StandardHostValve.invoke(StandardHostValve.java:140)\r\n	at org.apache.catalina.valves.ErrorReportValve.invoke(ErrorReportValve.java:80)\r\n	at org.apache.catalina.core.StandardEngineValve.invoke(StandardEngineValve.java:87)\r\n	at org.apache.catalina.connector.CoyoteAdapter.service(CoyoteAdapter.java:342)\r\n	at org.apache.coyote.http11.Http11Processor.service(Http11Processor.java:799)\r\n	at org.apache.coyote.AbstractProcessorLight.process(AbstractProcessorLight.java:66)\r\n	at org.apache.coyote.AbstractProtocolTConnectionHandler.process(AbstractProtocol.java:861)\r\n	at org.apache.tomcat.util.net.NioEndpointTSocketProcessor.doRun(NioEndpoint.java:1455)\r\n	at org.apache.tomcat.util.net.SocketProcessorBase.run(SocketProcessorBase.java:49)\r\n	at java.util.concurrent.ThreadPoolExecutor.runWorker(ThreadPoolExecutor.java:1149)\r\n	at java.util.concurrent.ThreadPoolExecutorTWorker.run(ThreadPoolExecutor.java:624)\r\n	at org.apache.tomcat.util.threads.TaskThreadTWrappingRunnable.run(TaskThread.java:61)\r\n	at java.lang.Thread.run(Thread.java:748)\r\nCaused by: java.lang.NullPointerException\r\n	at cn.afterturn.gen.core.util.ConnectionUtil.close(ConnectionUtil.java:70)\r\n	... 101 more\r\n');
INSERT INTO `t_system_operation_log` VALUES (971, '异常日志', '', 1, NULL, NULL, '2018-05-25 10:10:47', '失败', 'java.lang.RuntimeException: 关闭 Connection 发生异常\r\n	at cn.afterturn.gen.core.util.ConnectionUtil.close(ConnectionUtil.java:73)\r\n	at cn.afterturn.gen.modular.code.controller.GenController.queryDatabses(GenController.java:140)\r\n	at cn.afterturn.gen.modular.code.controller.GenControllerTTFastClassBySpringCGLIBTT4cf7ba1.invoke(<generated>)\r\n	at org.springframework.cglib.proxy.MethodProxy.invoke(MethodProxy.java:204)\r\n	at org.springframework.aop.framework.CglibAopProxyTCglibMethodInvocation.invokeJoinpoint(CglibAopProxy.java:738)\r\n	at org.springframework.aop.framework.ReflectiveMethodInvocation.proceed(ReflectiveMethodInvocation.java:157)\r\n	at org.springframework.aop.aspectj.MethodInvocationProceedingJoinPoint.proceed(MethodInvocationProceedingJoinPoint.java:85)\r\n	at cn.afterturn.gen.core.intercept.SessionTimeoutInterceptor.sessionTimeoutValidate(SessionTimeoutInterceptor.java:44)\r\n	at sun.reflect.GeneratedMethodAccessor124.invoke(Unknown Source)\r\n	at sun.reflect.DelegatingMethodAccessorImpl.invoke(DelegatingMethodAccessorImpl.java:43)\r\n	at java.lang.reflect.Method.invoke(Method.java:498)\r\n	at org.springframework.aop.aspectj.AbstractAspectJAdvice.invokeAdviceMethodWithGivenArgs(AbstractAspectJAdvice.java:629)\r\n	at org.springframework.aop.aspectj.AbstractAspectJAdvice.invokeAdviceMethod(AbstractAspectJAdvice.java:618)\r\n	at org.springframework.aop.aspectj.AspectJAroundAdvice.invoke(AspectJAroundAdvice.java:70)\r\n	at org.springframework.aop.framework.ReflectiveMethodInvocation.proceed(ReflectiveMethodInvocation.java:179)\r\n	at org.springframework.aop.aspectj.MethodInvocationProceedingJoinPoint.proceed(MethodInvocationProceedingJoinPoint.java:85)\r\n	at cn.afterturn.gen.core.intercept.SessionInterceptor.sessionKit(SessionInterceptor.java:31)\r\n	at sun.reflect.GeneratedMethodAccessor123.invoke(Unknown Source)\r\n	at sun.reflect.DelegatingMethodAccessorImpl.invoke(DelegatingMethodAccessorImpl.java:43)\r\n	at java.lang.reflect.Method.invoke(Method.java:498)\r\n	at org.springframework.aop.aspectj.AbstractAspectJAdvice.invokeAdviceMethodWithGivenArgs(AbstractAspectJAdvice.java:629)\r\n	at org.springframework.aop.aspectj.AbstractAspectJAdvice.invokeAdviceMethod(AbstractAspectJAdvice.java:618)\r\n	at org.springframework.aop.aspectj.AspectJAroundAdvice.invoke(AspectJAroundAdvice.java:70)\r\n	at org.springframework.aop.framework.ReflectiveMethodInvocation.proceed(ReflectiveMethodInvocation.java:179)\r\n	at org.springframework.aop.interceptor.ExposeInvocationInterceptor.invoke(ExposeInvocationInterceptor.java:92)\r\n	at org.springframework.aop.framework.ReflectiveMethodInvocation.proceed(ReflectiveMethodInvocation.java:179)\r\n	at org.springframework.aop.framework.CglibAopProxyTDynamicAdvisedInterceptor.intercept(CglibAopProxy.java:673)\r\n	at cn.afterturn.gen.modular.code.controller.GenControllerTTEnhancerBySpringCGLIBTT11e9e1c8.queryDatabses(<generated>)\r\n	at sun.reflect.NativeMethodAccessorImpl.invoke0(Native Method)\r\n	at sun.reflect.NativeMethodAccessorImpl.invoke(NativeMethodAccessorImpl.java:62)\r\n	at sun.reflect.DelegatingMethodAccessorImpl.invoke(DelegatingMethodAccessorImpl.java:43)\r\n	at java.lang.reflect.Method.invoke(Method.java:498)\r\n	at org.springframework.web.method.support.InvocableHandlerMethod.doInvoke(InvocableHandlerMethod.java:205)\r\n	at org.springframework.web.method.support.InvocableHandlerMethod.invokeForRequest(InvocableHandlerMethod.java:133)\r\n	at org.springframework.web.servlet.mvc.method.annotation.ServletInvocableHandlerMethod.invokeAndHandle(ServletInvocableHandlerMethod.java:97)\r\n	at org.springframework.web.servlet.mvc.method.annotation.RequestMappingHandlerAdapter.invokeHandlerMethod(RequestMappingHandlerAdapter.java:827)\r\n	at org.springframework.web.servlet.mvc.method.annotation.RequestMappingHandlerAdapter.handleInternal(RequestMappingHandlerAdapter.java:738)\r\n	at org.springframework.web.servlet.mvc.method.AbstractHandlerMethodAdapter.handle(AbstractHandlerMethodAdapter.java:85)\r\n	at org.springframework.web.servlet.DispatcherServlet.doDispatch(DispatcherServlet.java:963)\r\n	at org.springframework.web.servlet.DispatcherServlet.doService(DispatcherServlet.java:897)\r\n	at org.springframework.web.servlet.FrameworkServlet.processRequest(FrameworkServlet.java:970)\r\n	at org.springframework.web.servlet.FrameworkServlet.doPost(FrameworkServlet.java:872)\r\n	at javax.servlet.http.HttpServlet.service(HttpServlet.java:661)\r\n	at org.springframework.web.servlet.FrameworkServlet.service(FrameworkServlet.java:846)\r\n	at javax.servlet.http.HttpServlet.service(HttpServlet.java:742)\r\n	at org.apache.catalina.core.ApplicationFilterChain.internalDoFilter(ApplicationFilterChain.java:231)\r\n	at org.apache.catalina.core.ApplicationFilterChain.doFilter(ApplicationFilterChain.java:166)\r\n	at org.apache.tomcat.websocket.server.WsFilter.doFilter(WsFilter.java:52)\r\n	at org.apache.catalina.core.ApplicationFilterChain.internalDoFilter(ApplicationFilterChain.java:193)\r\n	at org.apache.catalina.core.ApplicationFilterChain.doFilter(ApplicationFilterChain.java:166)\r\n	at org.apache.shiro.web.servlet.ProxiedFilterChain.doFilter(ProxiedFilterChain.java:61)\r\n	at org.apache.shiro.web.servlet.AdviceFilter.executeChain(AdviceFilter.java:108)\r\n	at org.apache.shiro.web.servlet.AdviceFilter.doFilterInternal(AdviceFilter.java:137)\r\n	at org.apache.shiro.web.servlet.OncePerRequestFilter.doFilter(OncePerRequestFilter.java:125)\r\n	at org.apache.shiro.web.servlet.ProxiedFilterChain.doFilter(ProxiedFilterChain.java:66)\r\n	at org.apache.shiro.web.servlet.AbstractShiroFilter.executeChain(AbstractShiroFilter.java:449)\r\n	at org.apache.shiro.web.servlet.AbstractShiroFilterT1.call(AbstractShiroFilter.java:365)\r\n	at org.apache.shiro.subject.support.SubjectCallable.doCall(SubjectCallable.java:90)\r\n	at org.apache.shiro.subject.support.SubjectCallable.call(SubjectCallable.java:83)\r\n	at org.apache.shiro.subject.support.DelegatingSubject.execute(DelegatingSubject.java:387)\r\n	at org.apache.shiro.web.servlet.AbstractShiroFilter.doFilterInternal(AbstractShiroFilter.java:362)\r\n	at org.apache.shiro.web.servlet.OncePerRequestFilter.doFilter(OncePerRequestFilter.java:125)\r\n	at org.apache.catalina.core.ApplicationFilterChain.internalDoFilter(ApplicationFilterChain.java:193)\r\n	at org.apache.catalina.core.ApplicationFilterChain.doFilter(ApplicationFilterChain.java:166)\r\n	at cn.afterturn.gen.core.xss.XssFilter.doFilter(XssFilter.java:37)\r\n	at org.apache.catalina.core.ApplicationFilterChain.internalDoFilter(ApplicationFilterChain.java:193)\r\n	at org.apache.catalina.core.ApplicationFilterChain.doFilter(ApplicationFilterChain.java:166)\r\n	at com.alibaba.druid.support.http.WebStatFilter.doFilter(WebStatFilter.java:123)\r\n	at org.apache.catalina.core.ApplicationFilterChain.internalDoFilter(ApplicationFilterChain.java:193)\r\n	at org.apache.catalina.core.ApplicationFilterChain.doFilter(ApplicationFilterChain.java:166)\r\n	at org.springframework.web.filter.RequestContextFilter.doFilterInternal(RequestContextFilter.java:99)\r\n	at org.springframework.web.filter.OncePerRequestFilter.doFilter(OncePerRequestFilter.java:107)\r\n	at org.apache.catalina.core.ApplicationFilterChain.internalDoFilter(ApplicationFilterChain.java:193)\r\n	at org.apache.catalina.core.ApplicationFilterChain.doFilter(ApplicationFilterChain.java:166)\r\n	at org.springframework.web.filter.HttpPutFormContentFilter.doFilterInternal(HttpPutFormContentFilter.java:105)\r\n	at org.springframework.web.filter.OncePerRequestFilter.doFilter(OncePerRequestFilter.java:107)\r\n	at org.apache.catalina.core.ApplicationFilterChain.internalDoFilter(ApplicationFilterChain.java:193)\r\n	at org.apache.catalina.core.ApplicationFilterChain.doFilter(ApplicationFilterChain.java:166)\r\n	at org.springframework.web.filter.HiddenHttpMethodFilter.doFilterInternal(HiddenHttpMethodFilter.java:81)\r\n	at org.springframework.web.filter.OncePerRequestFilter.doFilter(OncePerRequestFilter.java:107)\r\n	at org.apache.catalina.core.ApplicationFilterChain.internalDoFilter(ApplicationFilterChain.java:193)\r\n	at org.apache.catalina.core.ApplicationFilterChain.doFilter(ApplicationFilterChain.java:166)\r\n	at org.springframework.web.filter.CharacterEncodingFilter.doFilterInternal(CharacterEncodingFilter.java:197)\r\n	at org.springframework.web.filter.OncePerRequestFilter.doFilter(OncePerRequestFilter.java:107)\r\n	at org.apache.catalina.core.ApplicationFilterChain.internalDoFilter(ApplicationFilterChain.java:193)\r\n	at org.apache.catalina.core.ApplicationFilterChain.doFilter(ApplicationFilterChain.java:166)\r\n	at org.apache.catalina.core.StandardWrapperValve.invoke(StandardWrapperValve.java:198)\r\n	at org.apache.catalina.core.StandardContextValve.invoke(StandardContextValve.java:96)\r\n	at org.apache.catalina.authenticator.AuthenticatorBase.invoke(AuthenticatorBase.java:478)\r\n	at org.apache.catalina.core.StandardHostValve.invoke(StandardHostValve.java:140)\r\n	at org.apache.catalina.valves.ErrorReportValve.invoke(ErrorReportValve.java:80)\r\n	at org.apache.catalina.core.StandardEngineValve.invoke(StandardEngineValve.java:87)\r\n	at org.apache.catalina.connector.CoyoteAdapter.service(CoyoteAdapter.java:342)\r\n	at org.apache.coyote.http11.Http11Processor.service(Http11Processor.java:799)\r\n	at org.apache.coyote.AbstractProcessorLight.process(AbstractProcessorLight.java:66)\r\n	at org.apache.coyote.AbstractProtocolTConnectionHandler.process(AbstractProtocol.java:861)\r\n	at org.apache.tomcat.util.net.NioEndpointTSocketProcessor.doRun(NioEndpoint.java:1455)\r\n	at org.apache.tomcat.util.net.SocketProcessorBase.run(SocketProcessorBase.java:49)\r\n	at java.util.concurrent.ThreadPoolExecutor.runWorker(ThreadPoolExecutor.java:1149)\r\n	at java.util.concurrent.ThreadPoolExecutorTWorker.run(ThreadPoolExecutor.java:624)\r\n	at org.apache.tomcat.util.threads.TaskThreadTWrappingRunnable.run(TaskThread.java:61)\r\n	at java.lang.Thread.run(Thread.java:748)\r\nCaused by: java.lang.NullPointerException\r\n	at cn.afterturn.gen.core.util.ConnectionUtil.close(ConnectionUtil.java:70)\r\n	... 101 more\r\n');
INSERT INTO `t_system_operation_log` VALUES (972, '业务日志', '数据库管理新增', 1, 'cn.afterturn.gen.modular.code.controller.DbInfoController', 'add', '2018-05-25 10:11:10', '成功', 'null=a');
INSERT INTO `t_system_operation_log` VALUES (973, '异常日志', '', 1, NULL, NULL, '2018-05-25 10:14:41', '失败', 'org.mybatis.spring.MyBatisSystemException: nested exception is org.apache.ibatis.exceptions.TooManyResultsException: Expected one result (or null) to be returned by selectOne(), but found: 2\r\n	at org.mybatis.spring.MyBatisExceptionTranslator.translateExceptionIfPossible(MyBatisExceptionTranslator.java:77)\r\n	at org.mybatis.spring.SqlSessionTemplateTSqlSessionInterceptor.invoke(SqlSessionTemplate.java:446)\r\n	at com.sun.proxy.TProxy78.selectOne(Unknown Source)\r\n	at org.mybatis.spring.SqlSessionTemplate.selectOne(SqlSessionTemplate.java:166)\r\n	at org.apache.ibatis.binding.MapperMethod.execute(MapperMethod.java:82)\r\n	at org.apache.ibatis.binding.MapperProxy.invoke(MapperProxy.java:59)\r\n	at com.sun.proxy.TProxy106.selectOne(Unknown Source)\r\n	at sun.reflect.GeneratedMethodAccessor230.invoke(Unknown Source)\r\n	at sun.reflect.DelegatingMethodAccessorImpl.invoke(DelegatingMethodAccessorImpl.java:43)\r\n	at java.lang.reflect.Method.invoke(Method.java:498)\r\n	at org.springframework.aop.support.AopUtils.invokeJoinpointUsingReflection(AopUtils.java:333)\r\n	at org.springframework.aop.framework.ReflectiveMethodInvocation.invokeJoinpoint(ReflectiveMethodInvocation.java:190)\r\n	at org.springframework.aop.framework.ReflectiveMethodInvocation.proceed(ReflectiveMethodInvocation.java:157)\r\n	at org.springframework.dao.support.PersistenceExceptionTranslationInterceptor.invoke(PersistenceExceptionTranslationInterceptor.java:136)\r\n	at org.springframework.aop.framework.ReflectiveMethodInvocation.proceed(ReflectiveMethodInvocation.java:179)\r\n	at org.springframework.aop.framework.JdkDynamicAopProxy.invoke(JdkDynamicAopProxy.java:213)\r\n	at com.sun.proxy.TProxy107.selectOne(Unknown Source)\r\n	at cn.afterturn.gen.modular.code.service.impl.GenParamServiceImpl.selectOne(GenParamServiceImpl.java:48)\r\n	at cn.afterturn.gen.modular.code.service.impl.GenParamServiceImplTTFastClassBySpringCGLIBTTffeed3ca.invoke(<generated>)\r\n	at org.springframework.cglib.proxy.MethodProxy.invoke(MethodProxy.java:204)\r\n	at org.springframework.aop.framework.CglibAopProxyTCglibMethodInvocation.invokeJoinpoint(CglibAopProxy.java:738)\r\n	at org.springframework.aop.framework.ReflectiveMethodInvocation.proceed(ReflectiveMethodInvocation.java:157)\r\n	at com.alibaba.druid.support.spring.stat.DruidStatInterceptor.invoke(DruidStatInterceptor.java:72)\r\n	at org.springframework.aop.framework.ReflectiveMethodInvocation.proceed(ReflectiveMethodInvocation.java:179)\r\n	at org.springframework.aop.framework.CglibAopProxyTDynamicAdvisedInterceptor.intercept(CglibAopProxy.java:673)\r\n	at cn.afterturn.gen.modular.code.service.impl.GenParamServiceImplTTEnhancerBySpringCGLIBTT9036869.selectOne(<generated>)\r\n	at cn.afterturn.gen.modular.code.controller.GenParamController.detail(GenParamController.java:127)\r\n	at cn.afterturn.gen.modular.code.controller.GenParamControllerTTFastClassBySpringCGLIBTTc086ef24.invoke(<generated>)\r\n	at org.springframework.cglib.proxy.MethodProxy.invoke(MethodProxy.java:204)\r\n	at org.springframework.aop.framework.CglibAopProxyTCglibMethodInvocation.invokeJoinpoint(CglibAopProxy.java:738)\r\n	at org.springframework.aop.framework.ReflectiveMethodInvocation.proceed(ReflectiveMethodInvocation.java:157)\r\n	at org.springframework.aop.aspectj.MethodInvocationProceedingJoinPoint.proceed(MethodInvocationProceedingJoinPoint.java:85)\r\n	at cn.afterturn.gen.core.intercept.SessionTimeoutInterceptor.sessionTimeoutValidate(SessionTimeoutInterceptor.java:44)\r\n	at sun.reflect.GeneratedMethodAccessor124.invoke(Unknown Source)\r\n	at sun.reflect.DelegatingMethodAccessorImpl.invoke(DelegatingMethodAccessorImpl.java:43)\r\n	at java.lang.reflect.Method.invoke(Method.java:498)\r\n	at org.springframework.aop.aspectj.AbstractAspectJAdvice.invokeAdviceMethodWithGivenArgs(AbstractAspectJAdvice.java:629)\r\n	at org.springframework.aop.aspectj.AbstractAspectJAdvice.invokeAdviceMethod(AbstractAspectJAdvice.java:618)\r\n	at org.springframework.aop.aspectj.AspectJAroundAdvice.invoke(AspectJAroundAdvice.java:70)\r\n	at org.springframework.aop.framework.ReflectiveMethodInvocation.proceed(ReflectiveMethodInvocation.java:179)\r\n	at org.springframework.aop.aspectj.MethodInvocationProceedingJoinPoint.proceed(MethodInvocationProceedingJoinPoint.java:85)\r\n	at cn.afterturn.gen.core.intercept.SessionInterceptor.sessionKit(SessionInterceptor.java:31)\r\n	at sun.reflect.GeneratedMethodAccessor123.invoke(Unknown Source)\r\n	at sun.reflect.DelegatingMethodAccessorImpl.invoke(DelegatingMethodAccessorImpl.java:43)\r\n	at java.lang.reflect.Method.invoke(Method.java:498)\r\n	at org.springframework.aop.aspectj.AbstractAspectJAdvice.invokeAdviceMethodWithGivenArgs(AbstractAspectJAdvice.java:629)\r\n	at org.springframework.aop.aspectj.AbstractAspectJAdvice.invokeAdviceMethod(AbstractAspectJAdvice.java:618)\r\n	at org.springframework.aop.aspectj.AspectJAroundAdvice.invoke(AspectJAroundAdvice.java:70)\r\n	at org.springframework.aop.framework.ReflectiveMethodInvocation.proceed(ReflectiveMethodInvocation.java:179)\r\n	at org.springframework.aop.interceptor.ExposeInvocationInterceptor.invoke(ExposeInvocationInterceptor.java:92)\r\n	at org.springframework.aop.framework.ReflectiveMethodInvocation.proceed(ReflectiveMethodInvocation.java:179)\r\n	at org.springframework.aop.framework.CglibAopProxyTDynamicAdvisedInterceptor.intercept(CglibAopProxy.java:673)\r\n	at cn.afterturn.gen.modular.code.controller.GenParamControllerTTEnhancerBySpringCGLIBTT32efa149.detail(<generated>)\r\n	at sun.reflect.NativeMethodAccessorImpl.invoke0(Native Method)\r\n	at sun.reflect.NativeMethodAccessorImpl.invoke(NativeMethodAccessorImpl.java:62)\r\n	at sun.reflect.DelegatingMethodAccessorImpl.invoke(DelegatingMethodAccessorImpl.java:43)\r\n	at java.lang.reflect.Method.invoke(Method.java:498)\r\n	at org.springframework.web.method.support.InvocableHandlerMethod.doInvoke(InvocableHandlerMethod.java:205)\r\n	at org.springframework.web.method.support.InvocableHandlerMethod.invokeForRequest(InvocableHandlerMethod.java:133)\r\n	at org.springframework.web.servlet.mvc.method.annotation.ServletInvocableHandlerMethod.invokeAndHandle(ServletInvocableHandlerMethod.java:97)\r\n	at org.springframework.web.servlet.mvc.method.annotation.RequestMappingHandlerAdapter.invokeHandlerMethod(RequestMappingHandlerAdapter.java:827)\r\n	at org.springframework.web.servlet.mvc.method.annotation.RequestMappingHandlerAdapter.handleInternal(RequestMappingHandlerAdapter.java:738)\r\n	at org.springframework.web.servlet.mvc.method.AbstractHandlerMethodAdapter.handle(AbstractHandlerMethodAdapter.java:85)\r\n	at org.springframework.web.servlet.DispatcherServlet.doDispatch(DispatcherServlet.java:963)\r\n	at org.springframework.web.servlet.DispatcherServlet.doService(DispatcherServlet.java:897)\r\n	at org.springframework.web.servlet.FrameworkServlet.processRequest(FrameworkServlet.java:970)\r\n	at org.springframework.web.servlet.FrameworkServlet.doPost(FrameworkServlet.java:872)\r\n	at javax.servlet.http.HttpServlet.service(HttpServlet.java:661)\r\n	at org.springframework.web.servlet.FrameworkServlet.service(FrameworkServlet.java:846)\r\n	at javax.servlet.http.HttpServlet.service(HttpServlet.java:742)\r\n	at org.apache.catalina.core.ApplicationFilterChain.internalDoFilter(ApplicationFilterChain.java:231)\r\n	at org.apache.catalina.core.ApplicationFilterChain.doFilter(ApplicationFilterChain.java:166)\r\n	at org.apache.tomcat.websocket.server.WsFilter.doFilter(WsFilter.java:52)\r\n	at org.apache.catalina.core.ApplicationFilterChain.internalDoFilter(ApplicationFilterChain.java:193)\r\n	at org.apache.catalina.core.ApplicationFilterChain.doFilter(ApplicationFilterChain.java:166)\r\n	at org.apache.shiro.web.servlet.ProxiedFilterChain.doFilter(ProxiedFilterChain.java:61)\r\n	at org.apache.shiro.web.servlet.AdviceFilter.executeChain(AdviceFilter.java:108)\r\n	at org.apache.shiro.web.servlet.AdviceFilter.doFilterInternal(AdviceFilter.java:137)\r\n	at org.apache.shiro.web.servlet.OncePerRequestFilter.doFilter(OncePerRequestFilter.java:125)\r\n	at org.apache.shiro.web.servlet.ProxiedFilterChain.doFilter(ProxiedFilterChain.java:66)\r\n	at org.apache.shiro.web.servlet.AbstractShiroFilter.executeChain(AbstractShiroFilter.java:449)\r\n	at org.apache.shiro.web.servlet.AbstractShiroFilterT1.call(AbstractShiroFilter.java:365)\r\n	at org.apache.shiro.subject.support.SubjectCallable.doCall(SubjectCallable.java:90)\r\n	at org.apache.shiro.subject.support.SubjectCallable.call(SubjectCallable.java:83)\r\n	at org.apache.shiro.subject.support.DelegatingSubject.execute(DelegatingSubject.java:387)\r\n	at org.apache.shiro.web.servlet.AbstractShiroFilter.doFilterInternal(AbstractShiroFilter.java:362)\r\n	at org.apache.shiro.web.servlet.OncePerRequestFilter.doFilter(OncePerRequestFilter.java:125)\r\n	at org.apache.catalina.core.ApplicationFilterChain.internalDoFilter(ApplicationFilterChain.java:193)\r\n	at org.apache.catalina.core.ApplicationFilterChain.doFilter(ApplicationFilterChain.java:166)\r\n	at cn.afterturn.gen.core.xss.XssFilter.doFilter(XssFilter.java:37)\r\n	at org.apache.catalina.core.ApplicationFilterChain.internalDoFilter(ApplicationFilterChain.java:193)\r\n	at org.apache.catalina.core.ApplicationFilterChain.doFilter(ApplicationFilterChain.java:166)\r\n	at com.alibaba.druid.support.http.WebStatFilter.doFilter(WebStatFilter.java:123)\r\n	at org.apache.catalina.core.ApplicationFilterChain.internalDoFilter(ApplicationFilterChain.java:193)\r\n	at org.apache.catalina.core.ApplicationFilterChain.doFilter(ApplicationFilterChain.java:166)\r\n	at org.springframework.web.filter.RequestContextFilter.doFilterInternal(RequestContextFilter.java:99)\r\n	at org.springframework.web.filter.OncePerRequestFilter.doFilter(OncePerRequestFilter.java:107)\r\n	at org.apache.catalina.core.ApplicationFilterChain.internalDoFilter(ApplicationFilterChain.java:193)\r\n	at org.apache.catalina.core.ApplicationFilterChain.doFilter(ApplicationFilterChain.java:166)\r\n	at org.springframework.web.filter.HttpPutFormContentFilter.doFilterInternal(HttpPutFormContentFilter.java:105)\r\n	at org.springframework.web.filter.OncePerRequestFilter.doFilter(OncePerRequestFilter.java:107)\r\n	at org.apache.catalina.core.ApplicationFilterChain.internalDoFilter(ApplicationFilterChain.java:193)\r\n	at org.apache.catalina.core.ApplicationFilterChain.doFilter(ApplicationFilterChain.java:166)\r\n	at org.springframework.web.filter.HiddenHttpMethodFilter.doFilterInternal(HiddenHttpMethodFilter.java:81)\r\n	at org.springframework.web.filter.OncePerRequestFilter.doFilter(OncePerRequestFilter.java:107)\r\n	at org.apache.catalina.core.ApplicationFilterChain.internalDoFilter(ApplicationFilterChain.java:193)\r\n	at org.apache.catalina.core.ApplicationFilterChain.doFilter(ApplicationFilterChain.java:166)\r\n	at org.springframework.web.filter.CharacterEncodingFilter.doFilterInternal(CharacterEncodingFilter.java:197)\r\n	at org.springframework.web.filter.OncePerRequestFilter.doFilter(OncePerRequestFilter.java:107)\r\n	at org.apache.catalina.core.ApplicationFilterChain.internalDoFilter(ApplicationFilterChain.java:193)\r\n	at org.apache.catalina.core.ApplicationFilterChain.doFilter(ApplicationFilterChain.java:166)\r\n	at org.apache.catalina.core.StandardWrapperValve.invoke(StandardWrapperValve.java:198)\r\n	at org.apache.catalina.core.StandardContextValve.invoke(StandardContextValve.java:96)\r\n	at org.apache.catalina.authenticator.AuthenticatorBase.invoke(AuthenticatorBase.java:478)\r\n	at org.apache.catalina.core.StandardHostValve.invoke(StandardHostValve.java:140)\r\n	at org.apache.catalina.valves.ErrorReportValve.invoke(ErrorReportValve.java:80)\r\n	at org.apache.catalina.core.StandardEngineValve.invoke(StandardEngineValve.java:87)\r\n	at org.apache.catalina.connector.CoyoteAdapter.service(CoyoteAdapter.java:342)\r\n	at org.apache.coyote.http11.Http11Processor.service(Http11Processor.java:799)\r\n	at org.apache.coyote.AbstractProcessorLight.process(AbstractProcessorLight.java:66)\r\n	at org.apache.coyote.AbstractProtocolTConnectionHandler.process(AbstractProtocol.java:861)\r\n	at org.apache.tomcat.util.net.NioEndpointTSocketProcessor.doRun(NioEndpoint.java:1455)\r\n	at org.apache.tomcat.util.net.SocketProcessorBase.run(SocketProcessorBase.java:49)\r\n	at java.util.concurrent.ThreadPoolExecutor.runWorker(ThreadPoolExecutor.java:1149)\r\n	at java.util.concurrent.ThreadPoolExecutorTWorker.run(ThreadPoolExecutor.java:624)\r\n	at org.apache.tomcat.util.threads.TaskThreadTWrappingRunnable.run(TaskThread.java:61)\r\n	at java.lang.Thread.run(Thread.java:748)\r\nCaused by: org.apache.ibatis.exceptions.TooManyResultsException: Expected one result (or null) to be returned by selectOne(), but found: 2\r\n	at org.apache.ibatis.session.defaults.DefaultSqlSession.selectOne(DefaultSqlSession.java:81)\r\n	at sun.reflect.GeneratedMethodAccessor191.invoke(Unknown Source)\r\n	at sun.reflect.DelegatingMethodAccessorImpl.invoke(DelegatingMethodAccessorImpl.java:43)\r\n	at java.lang.reflect.Method.invoke(Method.java:498)\r\n	at org.mybatis.spring.SqlSessionTemplateTSqlSessionInterceptor.invoke(SqlSessionTemplate.java:433)\r\n	... 125 more\r\n');
INSERT INTO `t_system_operation_log` VALUES (974, '异常日志', '', 1, NULL, NULL, '2018-05-25 10:23:30', '失败', 'java.lang.RuntimeException: 关闭 Connection 发生异常\r\n	at cn.afterturn.gen.core.util.ConnectionUtil.close(ConnectionUtil.java:73)\r\n	at cn.afterturn.gen.modular.code.controller.GenController.queryDatabses(GenController.java:140)\r\n	at cn.afterturn.gen.modular.code.controller.GenControllerTTFastClassBySpringCGLIBTT4cf7ba1.invoke(<generated>)\r\n	at org.springframework.cglib.proxy.MethodProxy.invoke(MethodProxy.java:204)\r\n	at org.springframework.aop.framework.CglibAopProxyTCglibMethodInvocation.invokeJoinpoint(CglibAopProxy.java:738)\r\n	at org.springframework.aop.framework.ReflectiveMethodInvocation.proceed(ReflectiveMethodInvocation.java:157)\r\n	at org.springframework.aop.aspectj.MethodInvocationProceedingJoinPoint.proceed(MethodInvocationProceedingJoinPoint.java:85)\r\n	at cn.afterturn.gen.core.intercept.SessionTimeoutInterceptor.sessionTimeoutValidate(SessionTimeoutInterceptor.java:44)\r\n	at sun.reflect.GeneratedMethodAccessor124.invoke(Unknown Source)\r\n	at sun.reflect.DelegatingMethodAccessorImpl.invoke(DelegatingMethodAccessorImpl.java:43)\r\n	at java.lang.reflect.Method.invoke(Method.java:498)\r\n	at org.springframework.aop.aspectj.AbstractAspectJAdvice.invokeAdviceMethodWithGivenArgs(AbstractAspectJAdvice.java:629)\r\n	at org.springframework.aop.aspectj.AbstractAspectJAdvice.invokeAdviceMethod(AbstractAspectJAdvice.java:618)\r\n	at org.springframework.aop.aspectj.AspectJAroundAdvice.invoke(AspectJAroundAdvice.java:70)\r\n	at org.springframework.aop.framework.ReflectiveMethodInvocation.proceed(ReflectiveMethodInvocation.java:179)\r\n	at org.springframework.aop.aspectj.MethodInvocationProceedingJoinPoint.proceed(MethodInvocationProceedingJoinPoint.java:85)\r\n	at cn.afterturn.gen.core.intercept.SessionInterceptor.sessionKit(SessionInterceptor.java:31)\r\n	at sun.reflect.GeneratedMethodAccessor123.invoke(Unknown Source)\r\n	at sun.reflect.DelegatingMethodAccessorImpl.invoke(DelegatingMethodAccessorImpl.java:43)\r\n	at java.lang.reflect.Method.invoke(Method.java:498)\r\n	at org.springframework.aop.aspectj.AbstractAspectJAdvice.invokeAdviceMethodWithGivenArgs(AbstractAspectJAdvice.java:629)\r\n	at org.springframework.aop.aspectj.AbstractAspectJAdvice.invokeAdviceMethod(AbstractAspectJAdvice.java:618)\r\n	at org.springframework.aop.aspectj.AspectJAroundAdvice.invoke(AspectJAroundAdvice.java:70)\r\n	at org.springframework.aop.framework.ReflectiveMethodInvocation.proceed(ReflectiveMethodInvocation.java:179)\r\n	at org.springframework.aop.interceptor.ExposeInvocationInterceptor.invoke(ExposeInvocationInterceptor.java:92)\r\n	at org.springframework.aop.framework.ReflectiveMethodInvocation.proceed(ReflectiveMethodInvocation.java:179)\r\n	at org.springframework.aop.framework.CglibAopProxyTDynamicAdvisedInterceptor.intercept(CglibAopProxy.java:673)\r\n	at cn.afterturn.gen.modular.code.controller.GenControllerTTEnhancerBySpringCGLIBTT11e9e1c8.queryDatabses(<generated>)\r\n	at sun.reflect.NativeMethodAccessorImpl.invoke0(Native Method)\r\n	at sun.reflect.NativeMethodAccessorImpl.invoke(NativeMethodAccessorImpl.java:62)\r\n	at sun.reflect.DelegatingMethodAccessorImpl.invoke(DelegatingMethodAccessorImpl.java:43)\r\n	at java.lang.reflect.Method.invoke(Method.java:498)\r\n	at org.springframework.web.method.support.InvocableHandlerMethod.doInvoke(InvocableHandlerMethod.java:205)\r\n	at org.springframework.web.method.support.InvocableHandlerMethod.invokeForRequest(InvocableHandlerMethod.java:133)\r\n	at org.springframework.web.servlet.mvc.method.annotation.ServletInvocableHandlerMethod.invokeAndHandle(ServletInvocableHandlerMethod.java:97)\r\n	at org.springframework.web.servlet.mvc.method.annotation.RequestMappingHandlerAdapter.invokeHandlerMethod(RequestMappingHandlerAdapter.java:827)\r\n	at org.springframework.web.servlet.mvc.method.annotation.RequestMappingHandlerAdapter.handleInternal(RequestMappingHandlerAdapter.java:738)\r\n	at org.springframework.web.servlet.mvc.method.AbstractHandlerMethodAdapter.handle(AbstractHandlerMethodAdapter.java:85)\r\n	at org.springframework.web.servlet.DispatcherServlet.doDispatch(DispatcherServlet.java:963)\r\n	at org.springframework.web.servlet.DispatcherServlet.doService(DispatcherServlet.java:897)\r\n	at org.springframework.web.servlet.FrameworkServlet.processRequest(FrameworkServlet.java:970)\r\n	at org.springframework.web.servlet.FrameworkServlet.doPost(FrameworkServlet.java:872)\r\n	at javax.servlet.http.HttpServlet.service(HttpServlet.java:661)\r\n	at org.springframework.web.servlet.FrameworkServlet.service(FrameworkServlet.java:846)\r\n	at javax.servlet.http.HttpServlet.service(HttpServlet.java:742)\r\n	at org.apache.catalina.core.ApplicationFilterChain.internalDoFilter(ApplicationFilterChain.java:231)\r\n	at org.apache.catalina.core.ApplicationFilterChain.doFilter(ApplicationFilterChain.java:166)\r\n	at org.apache.tomcat.websocket.server.WsFilter.doFilter(WsFilter.java:52)\r\n	at org.apache.catalina.core.ApplicationFilterChain.internalDoFilter(ApplicationFilterChain.java:193)\r\n	at org.apache.catalina.core.ApplicationFilterChain.doFilter(ApplicationFilterChain.java:166)\r\n	at org.apache.shiro.web.servlet.ProxiedFilterChain.doFilter(ProxiedFilterChain.java:61)\r\n	at org.apache.shiro.web.servlet.AdviceFilter.executeChain(AdviceFilter.java:108)\r\n	at org.apache.shiro.web.servlet.AdviceFilter.doFilterInternal(AdviceFilter.java:137)\r\n	at org.apache.shiro.web.servlet.OncePerRequestFilter.doFilter(OncePerRequestFilter.java:125)\r\n	at org.apache.shiro.web.servlet.ProxiedFilterChain.doFilter(ProxiedFilterChain.java:66)\r\n	at org.apache.shiro.web.servlet.AbstractShiroFilter.executeChain(AbstractShiroFilter.java:449)\r\n	at org.apache.shiro.web.servlet.AbstractShiroFilterT1.call(AbstractShiroFilter.java:365)\r\n	at org.apache.shiro.subject.support.SubjectCallable.doCall(SubjectCallable.java:90)\r\n	at org.apache.shiro.subject.support.SubjectCallable.call(SubjectCallable.java:83)\r\n	at org.apache.shiro.subject.support.DelegatingSubject.execute(DelegatingSubject.java:387)\r\n	at org.apache.shiro.web.servlet.AbstractShiroFilter.doFilterInternal(AbstractShiroFilter.java:362)\r\n	at org.apache.shiro.web.servlet.OncePerRequestFilter.doFilter(OncePerRequestFilter.java:125)\r\n	at org.apache.catalina.core.ApplicationFilterChain.internalDoFilter(ApplicationFilterChain.java:193)\r\n	at org.apache.catalina.core.ApplicationFilterChain.doFilter(ApplicationFilterChain.java:166)\r\n	at cn.afterturn.gen.core.xss.XssFilter.doFilter(XssFilter.java:37)\r\n	at org.apache.catalina.core.ApplicationFilterChain.internalDoFilter(ApplicationFilterChain.java:193)\r\n	at org.apache.catalina.core.ApplicationFilterChain.doFilter(ApplicationFilterChain.java:166)\r\n	at com.alibaba.druid.support.http.WebStatFilter.doFilter(WebStatFilter.java:123)\r\n	at org.apache.catalina.core.ApplicationFilterChain.internalDoFilter(ApplicationFilterChain.java:193)\r\n	at org.apache.catalina.core.ApplicationFilterChain.doFilter(ApplicationFilterChain.java:166)\r\n	at org.springframework.web.filter.RequestContextFilter.doFilterInternal(RequestContextFilter.java:99)\r\n	at org.springframework.web.filter.OncePerRequestFilter.doFilter(OncePerRequestFilter.java:107)\r\n	at org.apache.catalina.core.ApplicationFilterChain.internalDoFilter(ApplicationFilterChain.java:193)\r\n	at org.apache.catalina.core.ApplicationFilterChain.doFilter(ApplicationFilterChain.java:166)\r\n	at org.springframework.web.filter.HttpPutFormContentFilter.doFilterInternal(HttpPutFormContentFilter.java:105)\r\n	at org.springframework.web.filter.OncePerRequestFilter.doFilter(OncePerRequestFilter.java:107)\r\n	at org.apache.catalina.core.ApplicationFilterChain.internalDoFilter(ApplicationFilterChain.java:193)\r\n	at org.apache.catalina.core.ApplicationFilterChain.doFilter(ApplicationFilterChain.java:166)\r\n	at org.springframework.web.filter.HiddenHttpMethodFilter.doFilterInternal(HiddenHttpMethodFilter.java:81)\r\n	at org.springframework.web.filter.OncePerRequestFilter.doFilter(OncePerRequestFilter.java:107)\r\n	at org.apache.catalina.core.ApplicationFilterChain.internalDoFilter(ApplicationFilterChain.java:193)\r\n	at org.apache.catalina.core.ApplicationFilterChain.doFilter(ApplicationFilterChain.java:166)\r\n	at org.springframework.web.filter.CharacterEncodingFilter.doFilterInternal(CharacterEncodingFilter.java:197)\r\n	at org.springframework.web.filter.OncePerRequestFilter.doFilter(OncePerRequestFilter.java:107)\r\n	at org.apache.catalina.core.ApplicationFilterChain.internalDoFilter(ApplicationFilterChain.java:193)\r\n	at org.apache.catalina.core.ApplicationFilterChain.doFilter(ApplicationFilterChain.java:166)\r\n	at org.apache.catalina.core.StandardWrapperValve.invoke(StandardWrapperValve.java:198)\r\n	at org.apache.catalina.core.StandardContextValve.invoke(StandardContextValve.java:96)\r\n	at org.apache.catalina.authenticator.AuthenticatorBase.invoke(AuthenticatorBase.java:478)\r\n	at org.apache.catalina.core.StandardHostValve.invoke(StandardHostValve.java:140)\r\n	at org.apache.catalina.valves.ErrorReportValve.invoke(ErrorReportValve.java:80)\r\n	at org.apache.catalina.core.StandardEngineValve.invoke(StandardEngineValve.java:87)\r\n	at org.apache.catalina.connector.CoyoteAdapter.service(CoyoteAdapter.java:342)\r\n	at org.apache.coyote.http11.Http11Processor.service(Http11Processor.java:799)\r\n	at org.apache.coyote.AbstractProcessorLight.process(AbstractProcessorLight.java:66)\r\n	at org.apache.coyote.AbstractProtocolTConnectionHandler.process(AbstractProtocol.java:861)\r\n	at org.apache.tomcat.util.net.NioEndpointTSocketProcessor.doRun(NioEndpoint.java:1455)\r\n	at org.apache.tomcat.util.net.SocketProcessorBase.run(SocketProcessorBase.java:49)\r\n	at java.util.concurrent.ThreadPoolExecutor.runWorker(ThreadPoolExecutor.java:1149)\r\n	at java.util.concurrent.ThreadPoolExecutorTWorker.run(ThreadPoolExecutor.java:624)\r\n	at org.apache.tomcat.util.threads.TaskThreadTWrappingRunnable.run(TaskThread.java:61)\r\n	at java.lang.Thread.run(Thread.java:748)\r\nCaused by: java.lang.NullPointerException\r\n	at cn.afterturn.gen.core.util.ConnectionUtil.close(ConnectionUtil.java:70)\r\n	... 101 more\r\n');
INSERT INTO `t_system_operation_log` VALUES (975, '异常日志', '', 1, NULL, NULL, '2018-05-25 10:23:30', '失败', 'java.lang.RuntimeException: 关闭 Connection 发生异常\r\n	at cn.afterturn.gen.core.util.ConnectionUtil.close(ConnectionUtil.java:73)\r\n	at cn.afterturn.gen.modular.code.controller.GenController.queryDatabses(GenController.java:140)\r\n	at cn.afterturn.gen.modular.code.controller.GenControllerTTFastClassBySpringCGLIBTT4cf7ba1.invoke(<generated>)\r\n	at org.springframework.cglib.proxy.MethodProxy.invoke(MethodProxy.java:204)\r\n	at org.springframework.aop.framework.CglibAopProxyTCglibMethodInvocation.invokeJoinpoint(CglibAopProxy.java:738)\r\n	at org.springframework.aop.framework.ReflectiveMethodInvocation.proceed(ReflectiveMethodInvocation.java:157)\r\n	at org.springframework.aop.aspectj.MethodInvocationProceedingJoinPoint.proceed(MethodInvocationProceedingJoinPoint.java:85)\r\n	at cn.afterturn.gen.core.intercept.SessionTimeoutInterceptor.sessionTimeoutValidate(SessionTimeoutInterceptor.java:44)\r\n	at sun.reflect.GeneratedMethodAccessor124.invoke(Unknown Source)\r\n	at sun.reflect.DelegatingMethodAccessorImpl.invoke(DelegatingMethodAccessorImpl.java:43)\r\n	at java.lang.reflect.Method.invoke(Method.java:498)\r\n	at org.springframework.aop.aspectj.AbstractAspectJAdvice.invokeAdviceMethodWithGivenArgs(AbstractAspectJAdvice.java:629)\r\n	at org.springframework.aop.aspectj.AbstractAspectJAdvice.invokeAdviceMethod(AbstractAspectJAdvice.java:618)\r\n	at org.springframework.aop.aspectj.AspectJAroundAdvice.invoke(AspectJAroundAdvice.java:70)\r\n	at org.springframework.aop.framework.ReflectiveMethodInvocation.proceed(ReflectiveMethodInvocation.java:179)\r\n	at org.springframework.aop.aspectj.MethodInvocationProceedingJoinPoint.proceed(MethodInvocationProceedingJoinPoint.java:85)\r\n	at cn.afterturn.gen.core.intercept.SessionInterceptor.sessionKit(SessionInterceptor.java:31)\r\n	at sun.reflect.GeneratedMethodAccessor123.invoke(Unknown Source)\r\n	at sun.reflect.DelegatingMethodAccessorImpl.invoke(DelegatingMethodAccessorImpl.java:43)\r\n	at java.lang.reflect.Method.invoke(Method.java:498)\r\n	at org.springframework.aop.aspectj.AbstractAspectJAdvice.invokeAdviceMethodWithGivenArgs(AbstractAspectJAdvice.java:629)\r\n	at org.springframework.aop.aspectj.AbstractAspectJAdvice.invokeAdviceMethod(AbstractAspectJAdvice.java:618)\r\n	at org.springframework.aop.aspectj.AspectJAroundAdvice.invoke(AspectJAroundAdvice.java:70)\r\n	at org.springframework.aop.framework.ReflectiveMethodInvocation.proceed(ReflectiveMethodInvocation.java:179)\r\n	at org.springframework.aop.interceptor.ExposeInvocationInterceptor.invoke(ExposeInvocationInterceptor.java:92)\r\n	at org.springframework.aop.framework.ReflectiveMethodInvocation.proceed(ReflectiveMethodInvocation.java:179)\r\n	at org.springframework.aop.framework.CglibAopProxyTDynamicAdvisedInterceptor.intercept(CglibAopProxy.java:673)\r\n	at cn.afterturn.gen.modular.code.controller.GenControllerTTEnhancerBySpringCGLIBTT11e9e1c8.queryDatabses(<generated>)\r\n	at sun.reflect.NativeMethodAccessorImpl.invoke0(Native Method)\r\n	at sun.reflect.NativeMethodAccessorImpl.invoke(NativeMethodAccessorImpl.java:62)\r\n	at sun.reflect.DelegatingMethodAccessorImpl.invoke(DelegatingMethodAccessorImpl.java:43)\r\n	at java.lang.reflect.Method.invoke(Method.java:498)\r\n	at org.springframework.web.method.support.InvocableHandlerMethod.doInvoke(InvocableHandlerMethod.java:205)\r\n	at org.springframework.web.method.support.InvocableHandlerMethod.invokeForRequest(InvocableHandlerMethod.java:133)\r\n	at org.springframework.web.servlet.mvc.method.annotation.ServletInvocableHandlerMethod.invokeAndHandle(ServletInvocableHandlerMethod.java:97)\r\n	at org.springframework.web.servlet.mvc.method.annotation.RequestMappingHandlerAdapter.invokeHandlerMethod(RequestMappingHandlerAdapter.java:827)\r\n	at org.springframework.web.servlet.mvc.method.annotation.RequestMappingHandlerAdapter.handleInternal(RequestMappingHandlerAdapter.java:738)\r\n	at org.springframework.web.servlet.mvc.method.AbstractHandlerMethodAdapter.handle(AbstractHandlerMethodAdapter.java:85)\r\n	at org.springframework.web.servlet.DispatcherServlet.doDispatch(DispatcherServlet.java:963)\r\n	at org.springframework.web.servlet.DispatcherServlet.doService(DispatcherServlet.java:897)\r\n	at org.springframework.web.servlet.FrameworkServlet.processRequest(FrameworkServlet.java:970)\r\n	at org.springframework.web.servlet.FrameworkServlet.doPost(FrameworkServlet.java:872)\r\n	at javax.servlet.http.HttpServlet.service(HttpServlet.java:661)\r\n	at org.springframework.web.servlet.FrameworkServlet.service(FrameworkServlet.java:846)\r\n	at javax.servlet.http.HttpServlet.service(HttpServlet.java:742)\r\n	at org.apache.catalina.core.ApplicationFilterChain.internalDoFilter(ApplicationFilterChain.java:231)\r\n	at org.apache.catalina.core.ApplicationFilterChain.doFilter(ApplicationFilterChain.java:166)\r\n	at org.apache.tomcat.websocket.server.WsFilter.doFilter(WsFilter.java:52)\r\n	at org.apache.catalina.core.ApplicationFilterChain.internalDoFilter(ApplicationFilterChain.java:193)\r\n	at org.apache.catalina.core.ApplicationFilterChain.doFilter(ApplicationFilterChain.java:166)\r\n	at org.apache.shiro.web.servlet.ProxiedFilterChain.doFilter(ProxiedFilterChain.java:61)\r\n	at org.apache.shiro.web.servlet.AdviceFilter.executeChain(AdviceFilter.java:108)\r\n	at org.apache.shiro.web.servlet.AdviceFilter.doFilterInternal(AdviceFilter.java:137)\r\n	at org.apache.shiro.web.servlet.OncePerRequestFilter.doFilter(OncePerRequestFilter.java:125)\r\n	at org.apache.shiro.web.servlet.ProxiedFilterChain.doFilter(ProxiedFilterChain.java:66)\r\n	at org.apache.shiro.web.servlet.AbstractShiroFilter.executeChain(AbstractShiroFilter.java:449)\r\n	at org.apache.shiro.web.servlet.AbstractShiroFilterT1.call(AbstractShiroFilter.java:365)\r\n	at org.apache.shiro.subject.support.SubjectCallable.doCall(SubjectCallable.java:90)\r\n	at org.apache.shiro.subject.support.SubjectCallable.call(SubjectCallable.java:83)\r\n	at org.apache.shiro.subject.support.DelegatingSubject.execute(DelegatingSubject.java:387)\r\n	at org.apache.shiro.web.servlet.AbstractShiroFilter.doFilterInternal(AbstractShiroFilter.java:362)\r\n	at org.apache.shiro.web.servlet.OncePerRequestFilter.doFilter(OncePerRequestFilter.java:125)\r\n	at org.apache.catalina.core.ApplicationFilterChain.internalDoFilter(ApplicationFilterChain.java:193)\r\n	at org.apache.catalina.core.ApplicationFilterChain.doFilter(ApplicationFilterChain.java:166)\r\n	at cn.afterturn.gen.core.xss.XssFilter.doFilter(XssFilter.java:37)\r\n	at org.apache.catalina.core.ApplicationFilterChain.internalDoFilter(ApplicationFilterChain.java:193)\r\n	at org.apache.catalina.core.ApplicationFilterChain.doFilter(ApplicationFilterChain.java:166)\r\n	at com.alibaba.druid.support.http.WebStatFilter.doFilter(WebStatFilter.java:123)\r\n	at org.apache.catalina.core.ApplicationFilterChain.internalDoFilter(ApplicationFilterChain.java:193)\r\n	at org.apache.catalina.core.ApplicationFilterChain.doFilter(ApplicationFilterChain.java:166)\r\n	at org.springframework.web.filter.RequestContextFilter.doFilterInternal(RequestContextFilter.java:99)\r\n	at org.springframework.web.filter.OncePerRequestFilter.doFilter(OncePerRequestFilter.java:107)\r\n	at org.apache.catalina.core.ApplicationFilterChain.internalDoFilter(ApplicationFilterChain.java:193)\r\n	at org.apache.catalina.core.ApplicationFilterChain.doFilter(ApplicationFilterChain.java:166)\r\n	at org.springframework.web.filter.HttpPutFormContentFilter.doFilterInternal(HttpPutFormContentFilter.java:105)\r\n	at org.springframework.web.filter.OncePerRequestFilter.doFilter(OncePerRequestFilter.java:107)\r\n	at org.apache.catalina.core.ApplicationFilterChain.internalDoFilter(ApplicationFilterChain.java:193)\r\n	at org.apache.catalina.core.ApplicationFilterChain.doFilter(ApplicationFilterChain.java:166)\r\n	at org.springframework.web.filter.HiddenHttpMethodFilter.doFilterInternal(HiddenHttpMethodFilter.java:81)\r\n	at org.springframework.web.filter.OncePerRequestFilter.doFilter(OncePerRequestFilter.java:107)\r\n	at org.apache.catalina.core.ApplicationFilterChain.internalDoFilter(ApplicationFilterChain.java:193)\r\n	at org.apache.catalina.core.ApplicationFilterChain.doFilter(ApplicationFilterChain.java:166)\r\n	at org.springframework.web.filter.CharacterEncodingFilter.doFilterInternal(CharacterEncodingFilter.java:197)\r\n	at org.springframework.web.filter.OncePerRequestFilter.doFilter(OncePerRequestFilter.java:107)\r\n	at org.apache.catalina.core.ApplicationFilterChain.internalDoFilter(ApplicationFilterChain.java:193)\r\n	at org.apache.catalina.core.ApplicationFilterChain.doFilter(ApplicationFilterChain.java:166)\r\n	at org.apache.catalina.core.StandardWrapperValve.invoke(StandardWrapperValve.java:198)\r\n	at org.apache.catalina.core.StandardContextValve.invoke(StandardContextValve.java:96)\r\n	at org.apache.catalina.authenticator.AuthenticatorBase.invoke(AuthenticatorBase.java:478)\r\n	at org.apache.catalina.core.StandardHostValve.invoke(StandardHostValve.java:140)\r\n	at org.apache.catalina.valves.ErrorReportValve.invoke(ErrorReportValve.java:80)\r\n	at org.apache.catalina.core.StandardEngineValve.invoke(StandardEngineValve.java:87)\r\n	at org.apache.catalina.connector.CoyoteAdapter.service(CoyoteAdapter.java:342)\r\n	at org.apache.coyote.http11.Http11Processor.service(Http11Processor.java:799)\r\n	at org.apache.coyote.AbstractProcessorLight.process(AbstractProcessorLight.java:66)\r\n	at org.apache.coyote.AbstractProtocolTConnectionHandler.process(AbstractProtocol.java:861)\r\n	at org.apache.tomcat.util.net.NioEndpointTSocketProcessor.doRun(NioEndpoint.java:1455)\r\n	at org.apache.tomcat.util.net.SocketProcessorBase.run(SocketProcessorBase.java:49)\r\n	at java.util.concurrent.ThreadPoolExecutor.runWorker(ThreadPoolExecutor.java:1149)\r\n	at java.util.concurrent.ThreadPoolExecutorTWorker.run(ThreadPoolExecutor.java:624)\r\n	at org.apache.tomcat.util.threads.TaskThreadTWrappingRunnable.run(TaskThread.java:61)\r\n	at java.lang.Thread.run(Thread.java:748)\r\nCaused by: java.lang.NullPointerException\r\n	at cn.afterturn.gen.core.util.ConnectionUtil.close(ConnectionUtil.java:70)\r\n	... 101 more\r\n');
INSERT INTO `t_system_operation_log` VALUES (976, '业务日志', 'DB导入', 1, 'cn.afterturn.gen.modular.code.controller.TableInfoController', 'dbImport', '2018-05-25 10:23:35', '成功', 'null=js_gen_table');
INSERT INTO `t_system_operation_log` VALUES (977, '异常日志', '', 1, NULL, NULL, '2018-05-25 15:55:49', '失败', 'java.lang.RuntimeException: 关闭 Connection 发生异常\r\n	at cn.afterturn.gen.core.util.ConnectionUtil.close(ConnectionUtil.java:73)\r\n	at cn.afterturn.gen.modular.code.controller.GenController.queryDatabses(GenController.java:140)\r\n	at cn.afterturn.gen.modular.code.controller.GenControllerTTFastClassBySpringCGLIBTT4cf7ba1.invoke(<generated>)\r\n	at org.springframework.cglib.proxy.MethodProxy.invoke(MethodProxy.java:204)\r\n	at org.springframework.aop.framework.CglibAopProxyTCglibMethodInvocation.invokeJoinpoint(CglibAopProxy.java:738)\r\n	at org.springframework.aop.framework.ReflectiveMethodInvocation.proceed(ReflectiveMethodInvocation.java:157)\r\n	at org.springframework.aop.aspectj.MethodInvocationProceedingJoinPoint.proceed(MethodInvocationProceedingJoinPoint.java:85)\r\n	at cn.afterturn.gen.core.intercept.SessionTimeoutInterceptor.sessionTimeoutValidate(SessionTimeoutInterceptor.java:44)\r\n	at sun.reflect.GeneratedMethodAccessor158.invoke(Unknown Source)\r\n	at sun.reflect.DelegatingMethodAccessorImpl.invoke(DelegatingMethodAccessorImpl.java:43)\r\n	at java.lang.reflect.Method.invoke(Method.java:498)\r\n	at org.springframework.aop.aspectj.AbstractAspectJAdvice.invokeAdviceMethodWithGivenArgs(AbstractAspectJAdvice.java:629)\r\n	at org.springframework.aop.aspectj.AbstractAspectJAdvice.invokeAdviceMethod(AbstractAspectJAdvice.java:618)\r\n	at org.springframework.aop.aspectj.AspectJAroundAdvice.invoke(AspectJAroundAdvice.java:70)\r\n	at org.springframework.aop.framework.ReflectiveMethodInvocation.proceed(ReflectiveMethodInvocation.java:179)\r\n	at org.springframework.aop.aspectj.MethodInvocationProceedingJoinPoint.proceed(MethodInvocationProceedingJoinPoint.java:85)\r\n	at cn.afterturn.gen.core.intercept.SessionInterceptor.sessionKit(SessionInterceptor.java:31)\r\n	at sun.reflect.GeneratedMethodAccessor157.invoke(Unknown Source)\r\n	at sun.reflect.DelegatingMethodAccessorImpl.invoke(DelegatingMethodAccessorImpl.java:43)\r\n	at java.lang.reflect.Method.invoke(Method.java:498)\r\n	at org.springframework.aop.aspectj.AbstractAspectJAdvice.invokeAdviceMethodWithGivenArgs(AbstractAspectJAdvice.java:629)\r\n	at org.springframework.aop.aspectj.AbstractAspectJAdvice.invokeAdviceMethod(AbstractAspectJAdvice.java:618)\r\n	at org.springframework.aop.aspectj.AspectJAroundAdvice.invoke(AspectJAroundAdvice.java:70)\r\n	at org.springframework.aop.framework.ReflectiveMethodInvocation.proceed(ReflectiveMethodInvocation.java:179)\r\n	at org.springframework.aop.interceptor.ExposeInvocationInterceptor.invoke(ExposeInvocationInterceptor.java:92)\r\n	at org.springframework.aop.framework.ReflectiveMethodInvocation.proceed(ReflectiveMethodInvocation.java:179)\r\n	at org.springframework.aop.framework.CglibAopProxyTDynamicAdvisedInterceptor.intercept(CglibAopProxy.java:673)\r\n	at cn.afterturn.gen.modular.code.controller.GenControllerTTEnhancerBySpringCGLIBTTaebe8fd7.queryDatabses(<generated>)\r\n	at sun.reflect.NativeMethodAccessorImpl.invoke0(Native Method)\r\n	at sun.reflect.NativeMethodAccessorImpl.invoke(NativeMethodAccessorImpl.java:62)\r\n	at sun.reflect.DelegatingMethodAccessorImpl.invoke(DelegatingMethodAccessorImpl.java:43)\r\n	at java.lang.reflect.Method.invoke(Method.java:498)\r\n	at org.springframework.web.method.support.InvocableHandlerMethod.doInvoke(InvocableHandlerMethod.java:205)\r\n	at org.springframework.web.method.support.InvocableHandlerMethod.invokeForRequest(InvocableHandlerMethod.java:133)\r\n	at org.springframework.web.servlet.mvc.method.annotation.ServletInvocableHandlerMethod.invokeAndHandle(ServletInvocableHandlerMethod.java:97)\r\n	at org.springframework.web.servlet.mvc.method.annotation.RequestMappingHandlerAdapter.invokeHandlerMethod(RequestMappingHandlerAdapter.java:827)\r\n	at org.springframework.web.servlet.mvc.method.annotation.RequestMappingHandlerAdapter.handleInternal(RequestMappingHandlerAdapter.java:738)\r\n	at org.springframework.web.servlet.mvc.method.AbstractHandlerMethodAdapter.handle(AbstractHandlerMethodAdapter.java:85)\r\n	at org.springframework.web.servlet.DispatcherServlet.doDispatch(DispatcherServlet.java:963)\r\n	at org.springframework.web.servlet.DispatcherServlet.doService(DispatcherServlet.java:897)\r\n	at org.springframework.web.servlet.FrameworkServlet.processRequest(FrameworkServlet.java:970)\r\n	at org.springframework.web.servlet.FrameworkServlet.doPost(FrameworkServlet.java:872)\r\n	at javax.servlet.http.HttpServlet.service(HttpServlet.java:661)\r\n	at org.springframework.web.servlet.FrameworkServlet.service(FrameworkServlet.java:846)\r\n	at javax.servlet.http.HttpServlet.service(HttpServlet.java:742)\r\n	at org.apache.catalina.core.ApplicationFilterChain.internalDoFilter(ApplicationFilterChain.java:231)\r\n	at org.apache.catalina.core.ApplicationFilterChain.doFilter(ApplicationFilterChain.java:166)\r\n	at org.apache.tomcat.websocket.server.WsFilter.doFilter(WsFilter.java:52)\r\n	at org.apache.catalina.core.ApplicationFilterChain.internalDoFilter(ApplicationFilterChain.java:193)\r\n	at org.apache.catalina.core.ApplicationFilterChain.doFilter(ApplicationFilterChain.java:166)\r\n	at org.apache.shiro.web.servlet.ProxiedFilterChain.doFilter(ProxiedFilterChain.java:61)\r\n	at org.apache.shiro.web.servlet.AdviceFilter.executeChain(AdviceFilter.java:108)\r\n	at org.apache.shiro.web.servlet.AdviceFilter.doFilterInternal(AdviceFilter.java:137)\r\n	at org.apache.shiro.web.servlet.OncePerRequestFilter.doFilter(OncePerRequestFilter.java:125)\r\n	at org.apache.shiro.web.servlet.ProxiedFilterChain.doFilter(ProxiedFilterChain.java:66)\r\n	at org.apache.shiro.web.servlet.AbstractShiroFilter.executeChain(AbstractShiroFilter.java:449)\r\n	at org.apache.shiro.web.servlet.AbstractShiroFilterT1.call(AbstractShiroFilter.java:365)\r\n	at org.apache.shiro.subject.support.SubjectCallable.doCall(SubjectCallable.java:90)\r\n	at org.apache.shiro.subject.support.SubjectCallable.call(SubjectCallable.java:83)\r\n	at org.apache.shiro.subject.support.DelegatingSubject.execute(DelegatingSubject.java:387)\r\n	at org.apache.shiro.web.servlet.AbstractShiroFilter.doFilterInternal(AbstractShiroFilter.java:362)\r\n	at org.apache.shiro.web.servlet.OncePerRequestFilter.doFilter(OncePerRequestFilter.java:125)\r\n	at org.apache.catalina.core.ApplicationFilterChain.internalDoFilter(ApplicationFilterChain.java:193)\r\n	at org.apache.catalina.core.ApplicationFilterChain.doFilter(ApplicationFilterChain.java:166)\r\n	at cn.afterturn.gen.core.xss.XssFilter.doFilter(XssFilter.java:37)\r\n	at org.apache.catalina.core.ApplicationFilterChain.internalDoFilter(ApplicationFilterChain.java:193)\r\n	at org.apache.catalina.core.ApplicationFilterChain.doFilter(ApplicationFilterChain.java:166)\r\n	at com.alibaba.druid.support.http.WebStatFilter.doFilter(WebStatFilter.java:123)\r\n	at org.apache.catalina.core.ApplicationFilterChain.internalDoFilter(ApplicationFilterChain.java:193)\r\n	at org.apache.catalina.core.ApplicationFilterChain.doFilter(ApplicationFilterChain.java:166)\r\n	at org.springframework.web.filter.RequestContextFilter.doFilterInternal(RequestContextFilter.java:99)\r\n	at org.springframework.web.filter.OncePerRequestFilter.doFilter(OncePerRequestFilter.java:107)\r\n	at org.apache.catalina.core.ApplicationFilterChain.internalDoFilter(ApplicationFilterChain.java:193)\r\n	at org.apache.catalina.core.ApplicationFilterChain.doFilter(ApplicationFilterChain.java:166)\r\n	at org.springframework.web.filter.HttpPutFormContentFilter.doFilterInternal(HttpPutFormContentFilter.java:105)\r\n	at org.springframework.web.filter.OncePerRequestFilter.doFilter(OncePerRequestFilter.java:107)\r\n	at org.apache.catalina.core.ApplicationFilterChain.internalDoFilter(ApplicationFilterChain.java:193)\r\n	at org.apache.catalina.core.ApplicationFilterChain.doFilter(ApplicationFilterChain.java:166)\r\n	at org.springframework.web.filter.HiddenHttpMethodFilter.doFilterInternal(HiddenHttpMethodFilter.java:81)\r\n	at org.springframework.web.filter.OncePerRequestFilter.doFilter(OncePerRequestFilter.java:107)\r\n	at org.apache.catalina.core.ApplicationFilterChain.internalDoFilter(ApplicationFilterChain.java:193)\r\n	at org.apache.catalina.core.ApplicationFilterChain.doFilter(ApplicationFilterChain.java:166)\r\n	at org.springframework.web.filter.CharacterEncodingFilter.doFilterInternal(CharacterEncodingFilter.java:197)\r\n	at org.springframework.web.filter.OncePerRequestFilter.doFilter(OncePerRequestFilter.java:107)\r\n	at org.apache.catalina.core.ApplicationFilterChain.internalDoFilter(ApplicationFilterChain.java:193)\r\n	at org.apache.catalina.core.ApplicationFilterChain.doFilter(ApplicationFilterChain.java:166)\r\n	at org.apache.catalina.core.StandardWrapperValve.invoke(StandardWrapperValve.java:198)\r\n	at org.apache.catalina.core.StandardContextValve.invoke(StandardContextValve.java:96)\r\n	at org.apache.catalina.authenticator.AuthenticatorBase.invoke(AuthenticatorBase.java:478)\r\n	at org.apache.catalina.core.StandardHostValve.invoke(StandardHostValve.java:140)\r\n	at org.apache.catalina.valves.ErrorReportValve.invoke(ErrorReportValve.java:80)\r\n	at org.apache.catalina.core.StandardEngineValve.invoke(StandardEngineValve.java:87)\r\n	at org.apache.catalina.connector.CoyoteAdapter.service(CoyoteAdapter.java:342)\r\n	at org.apache.coyote.http11.Http11Processor.service(Http11Processor.java:799)\r\n	at org.apache.coyote.AbstractProcessorLight.process(AbstractProcessorLight.java:66)\r\n	at org.apache.coyote.AbstractProtocolTConnectionHandler.process(AbstractProtocol.java:861)\r\n	at org.apache.tomcat.util.net.NioEndpointTSocketProcessor.doRun(NioEndpoint.java:1455)\r\n	at org.apache.tomcat.util.net.SocketProcessorBase.run(SocketProcessorBase.java:49)\r\n	at java.util.concurrent.ThreadPoolExecutor.runWorker(ThreadPoolExecutor.java:1149)\r\n	at java.util.concurrent.ThreadPoolExecutorTWorker.run(ThreadPoolExecutor.java:624)\r\n	at org.apache.tomcat.util.threads.TaskThreadTWrappingRunnable.run(TaskThread.java:61)\r\n	at java.lang.Thread.run(Thread.java:748)\r\nCaused by: java.lang.NullPointerException\r\n	at cn.afterturn.gen.core.util.ConnectionUtil.close(ConnectionUtil.java:70)\r\n	... 101 more\r\n');
INSERT INTO `t_system_operation_log` VALUES (978, '异常日志', '', 1, NULL, NULL, '2018-05-31 10:39:05', '失败', 'java.lang.StringIndexOutOfBoundsException: String index out of range: -5\r\n	at java.lang.String.substring(String.java:1967)\r\n	at cn.afterturn.gen.core.db.convert.sql.impl.SqlConvertOfMysql.parseSql(SqlConvertOfMysql.java:32)\r\n	at cn.afterturn.gen.modular.code.service.impl.convert.TableConvertServiceOfSqlImpl.importBean(TableConvertServiceOfSqlImpl.java:32)\r\n	at cn.afterturn.gen.modular.code.service.impl.convert.TableConvertServiceOfSqlImplTTFastClassBySpringCGLIBTT41402810.invoke(<generated>)\r\n	at org.springframework.cglib.proxy.MethodProxy.invoke(MethodProxy.java:204)\r\n	at org.springframework.aop.framework.CglibAopProxyTCglibMethodInvocation.invokeJoinpoint(CglibAopProxy.java:738)\r\n	at org.springframework.aop.framework.ReflectiveMethodInvocation.proceed(ReflectiveMethodInvocation.java:157)\r\n	at com.alibaba.druid.support.spring.stat.DruidStatInterceptor.invoke(DruidStatInterceptor.java:72)\r\n	at org.springframework.aop.framework.ReflectiveMethodInvocation.proceed(ReflectiveMethodInvocation.java:179)\r\n	at org.springframework.aop.framework.CglibAopProxyTDynamicAdvisedInterceptor.intercept(CglibAopProxy.java:673)\r\n	at cn.afterturn.gen.modular.code.service.impl.convert.TableConvertServiceOfSqlImplTTEnhancerBySpringCGLIBTT7924159d.importBean(<generated>)\r\n	at cn.afterturn.gen.modular.code.controller.TableInfoController.sqlImport(TableInfoController.java:183)\r\n	at cn.afterturn.gen.modular.code.controller.TableInfoControllerTTFastClassBySpringCGLIBTTe42a772d.invoke(<generated>)\r\n	at org.springframework.cglib.proxy.MethodProxy.invoke(MethodProxy.java:204)\r\n	at org.springframework.aop.framework.CglibAopProxyTCglibMethodInvocation.invokeJoinpoint(CglibAopProxy.java:738)\r\n	at org.springframework.aop.framework.ReflectiveMethodInvocation.proceed(ReflectiveMethodInvocation.java:157)\r\n	at org.springframework.aop.aspectj.MethodInvocationProceedingJoinPoint.proceed(MethodInvocationProceedingJoinPoint.java:85)\r\n	at cn.afterturn.gen.core.intercept.SessionTimeoutInterceptor.sessionTimeoutValidate(SessionTimeoutInterceptor.java:44)\r\n	at sun.reflect.NativeMethodAccessorImpl.invoke0(Native Method)\r\n	at sun.reflect.NativeMethodAccessorImpl.invoke(NativeMethodAccessorImpl.java:62)\r\n	at sun.reflect.DelegatingMethodAccessorImpl.invoke(DelegatingMethodAccessorImpl.java:43)\r\n	at java.lang.reflect.Method.invoke(Method.java:498)\r\n	at org.springframework.aop.aspectj.AbstractAspectJAdvice.invokeAdviceMethodWithGivenArgs(AbstractAspectJAdvice.java:629)\r\n	at org.springframework.aop.aspectj.AbstractAspectJAdvice.invokeAdviceMethod(AbstractAspectJAdvice.java:618)\r\n	at org.springframework.aop.aspectj.AspectJAroundAdvice.invoke(AspectJAroundAdvice.java:70)\r\n	at org.springframework.aop.framework.ReflectiveMethodInvocation.proceed(ReflectiveMethodInvocation.java:179)\r\n	at org.springframework.aop.aspectj.MethodInvocationProceedingJoinPoint.proceed(MethodInvocationProceedingJoinPoint.java:85)\r\n	at cn.afterturn.gen.core.intercept.SessionInterceptor.sessionKit(SessionInterceptor.java:31)\r\n	at sun.reflect.NativeMethodAccessorImpl.invoke0(Native Method)\r\n	at sun.reflect.NativeMethodAccessorImpl.invoke(NativeMethodAccessorImpl.java:62)\r\n	at sun.reflect.DelegatingMethodAccessorImpl.invoke(DelegatingMethodAccessorImpl.java:43)\r\n	at java.lang.reflect.Method.invoke(Method.java:498)\r\n	at org.springframework.aop.aspectj.AbstractAspectJAdvice.invokeAdviceMethodWithGivenArgs(AbstractAspectJAdvice.java:629)\r\n	at org.springframework.aop.aspectj.AbstractAspectJAdvice.invokeAdviceMethod(AbstractAspectJAdvice.java:618)\r\n	at org.springframework.aop.aspectj.AspectJAroundAdvice.invoke(AspectJAroundAdvice.java:70)\r\n	at org.springframework.aop.framework.ReflectiveMethodInvocation.proceed(ReflectiveMethodInvocation.java:179)\r\n	at org.springframework.aop.aspectj.MethodInvocationProceedingJoinPoint.proceed(MethodInvocationProceedingJoinPoint.java:85)\r\n	at cn.afterturn.gen.core.aop.PermissionAop.doPermission(PermissionAop.java:48)\r\n	at sun.reflect.NativeMethodAccessorImpl.invoke0(Native Method)\r\n	at sun.reflect.NativeMethodAccessorImpl.invoke(NativeMethodAccessorImpl.java:62)\r\n	at sun.reflect.DelegatingMethodAccessorImpl.invoke(DelegatingMethodAccessorImpl.java:43)\r\n	at java.lang.reflect.Method.invoke(Method.java:498)\r\n	at org.springframework.aop.aspectj.AbstractAspectJAdvice.invokeAdviceMethodWithGivenArgs(AbstractAspectJAdvice.java:629)\r\n	at org.springframework.aop.aspectj.AbstractAspectJAdvice.invokeAdviceMethod(AbstractAspectJAdvice.java:618)\r\n	at org.springframework.aop.aspectj.AspectJAroundAdvice.invoke(AspectJAroundAdvice.java:70)\r\n	at org.springframework.aop.framework.ReflectiveMethodInvocation.proceed(ReflectiveMethodInvocation.java:168)\r\n	at org.springframework.aop.aspectj.MethodInvocationProceedingJoinPoint.proceed(MethodInvocationProceedingJoinPoint.java:85)\r\n	at cn.afterturn.gen.core.aop.LogAop.recordSysLog(LogAop.java:47)\r\n	at sun.reflect.NativeMethodAccessorImpl.invoke0(Native Method)\r\n	at sun.reflect.NativeMethodAccessorImpl.invoke(NativeMethodAccessorImpl.java:62)\r\n	at sun.reflect.DelegatingMethodAccessorImpl.invoke(DelegatingMethodAccessorImpl.java:43)\r\n	at java.lang.reflect.Method.invoke(Method.java:498)\r\n	at org.springframework.aop.aspectj.AbstractAspectJAdvice.invokeAdviceMethodWithGivenArgs(AbstractAspectJAdvice.java:629)\r\n	at org.springframework.aop.aspectj.AbstractAspectJAdvice.invokeAdviceMethod(AbstractAspectJAdvice.java:618)\r\n	at org.springframework.aop.aspectj.AspectJAroundAdvice.invoke(AspectJAroundAdvice.java:70)\r\n	at org.springframework.aop.framework.ReflectiveMethodInvocation.proceed(ReflectiveMethodInvocation.java:168)\r\n	at org.springframework.aop.interceptor.ExposeInvocationInterceptor.invoke(ExposeInvocationInterceptor.java:92)\r\n	at org.springframework.aop.framework.ReflectiveMethodInvocation.proceed(ReflectiveMethodInvocation.java:179)\r\n	at org.springframework.aop.framework.CglibAopProxyTDynamicAdvisedInterceptor.intercept(CglibAopProxy.java:673)\r\n	at cn.afterturn.gen.modular.code.controller.TableInfoControllerTTEnhancerBySpringCGLIBTT2dbf3716.sqlImport(<generated>)\r\n	at sun.reflect.NativeMethodAccessorImpl.invoke0(Native Method)\r\n	at sun.reflect.NativeMethodAccessorImpl.invoke(NativeMethodAccessorImpl.java:62)\r\n	at sun.reflect.DelegatingMethodAccessorImpl.invoke(DelegatingMethodAccessorImpl.java:43)\r\n	at java.lang.reflect.Method.invoke(Method.java:498)\r\n	at org.springframework.web.method.support.InvocableHandlerMethod.doInvoke(InvocableHandlerMethod.java:205)\r\n	at org.springframework.web.method.support.InvocableHandlerMethod.invokeForRequest(InvocableHandlerMethod.java:133)\r\n	at org.springframework.web.servlet.mvc.method.annotation.ServletInvocableHandlerMethod.invokeAndHandle(ServletInvocableHandlerMethod.java:97)\r\n	at org.springframework.web.servlet.mvc.method.annotation.RequestMappingHandlerAdapter.invokeHandlerMethod(RequestMappingHandlerAdapter.java:827)\r\n	at org.springframework.web.servlet.mvc.method.annotation.RequestMappingHandlerAdapter.handleInternal(RequestMappingHandlerAdapter.java:738)\r\n	at org.springframework.web.servlet.mvc.method.AbstractHandlerMethodAdapter.handle(AbstractHandlerMethodAdapter.java:85)\r\n	at org.springframework.web.servlet.DispatcherServlet.doDispatch(DispatcherServlet.java:963)\r\n	at org.springframework.web.servlet.DispatcherServlet.doService(DispatcherServlet.java:897)\r\n	at org.springframework.web.servlet.FrameworkServlet.processRequest(FrameworkServlet.java:970)\r\n	at org.springframework.web.servlet.FrameworkServlet.doPost(FrameworkServlet.java:872)\r\n	at javax.servlet.http.HttpServlet.service(HttpServlet.java:661)\r\n	at org.springframework.web.servlet.FrameworkServlet.service(FrameworkServlet.java:846)\r\n	at javax.servlet.http.HttpServlet.service(HttpServlet.java:742)\r\n	at org.apache.catalina.core.ApplicationFilterChain.internalDoFilter(ApplicationFilterChain.java:231)\r\n	at org.apache.catalina.core.ApplicationFilterChain.doFilter(ApplicationFilterChain.java:166)\r\n	at org.apache.tomcat.websocket.server.WsFilter.doFilter(WsFilter.java:52)\r\n	at org.apache.catalina.core.ApplicationFilterChain.internalDoFilter(ApplicationFilterChain.java:193)\r\n	at org.apache.catalina.core.ApplicationFilterChain.doFilter(ApplicationFilterChain.java:166)\r\n	at org.apache.shiro.web.servlet.ProxiedFilterChain.doFilter(ProxiedFilterChain.java:61)\r\n	at org.apache.shiro.web.servlet.AdviceFilter.executeChain(AdviceFilter.java:108)\r\n	at org.apache.shiro.web.servlet.AdviceFilter.doFilterInternal(AdviceFilter.java:137)\r\n	at org.apache.shiro.web.servlet.OncePerRequestFilter.doFilter(OncePerRequestFilter.java:125)\r\n	at org.apache.shiro.web.servlet.ProxiedFilterChain.doFilter(ProxiedFilterChain.java:66)\r\n	at org.apache.shiro.web.servlet.AbstractShiroFilter.executeChain(AbstractShiroFilter.java:449)\r\n	at org.apache.shiro.web.servlet.AbstractShiroFilterT1.call(AbstractShiroFilter.java:365)\r\n	at org.apache.shiro.subject.support.SubjectCallable.doCall(SubjectCallable.java:90)\r\n	at org.apache.shiro.subject.support.SubjectCallable.call(SubjectCallable.java:83)\r\n	at org.apache.shiro.subject.support.DelegatingSubject.execute(DelegatingSubject.java:387)\r\n	at org.apache.shiro.web.servlet.AbstractShiroFilter.doFilterInternal(AbstractShiroFilter.java:362)\r\n	at org.apache.shiro.web.servlet.OncePerRequestFilter.doFilter(OncePerRequestFilter.java:125)\r\n	at org.apache.catalina.core.ApplicationFilterChain.internalDoFilter(ApplicationFilterChain.java:193)\r\n	at org.apache.catalina.core.ApplicationFilterChain.doFilter(ApplicationFilterChain.java:166)\r\n	at cn.afterturn.gen.core.xss.XssFilter.doFilter(XssFilter.java:37)\r\n	at org.apache.catalina.core.ApplicationFilterChain.internalDoFilter(ApplicationFilterChain.java:193)\r\n	at org.apache.catalina.core.ApplicationFilterChain.doFilter(ApplicationFilterChain.java:166)\r\n	at com.alibaba.druid.support.http.WebStatFilter.doFilter(WebStatFilter.java:123)\r\n	at org.apache.catalina.core.ApplicationFilterChain.internalDoFilter(ApplicationFilterChain.java:193)\r\n	at org.apache.catalina.core.ApplicationFilterChain.doFilter(ApplicationFilterChain.java:166)\r\n	at org.springframework.web.filter.RequestContextFilter.doFilterInternal(RequestContextFilter.java:99)\r\n	at org.springframework.web.filter.OncePerRequestFilter.doFilter(OncePerRequestFilter.java:107)\r\n	at org.apache.catalina.core.ApplicationFilterChain.internalDoFilter(ApplicationFilterChain.java:193)\r\n	at org.apache.catalina.core.ApplicationFilterChain.doFilter(ApplicationFilterChain.java:166)\r\n	at org.springframework.web.filter.HttpPutFormContentFilter.doFilterInternal(HttpPutFormContentFilter.java:105)\r\n	at org.springframework.web.filter.OncePerRequestFilter.doFilter(OncePerRequestFilter.java:107)\r\n	at org.apache.catalina.core.ApplicationFilterChain.internalDoFilter(ApplicationFilterChain.java:193)\r\n	at org.apache.catalina.core.ApplicationFilterChain.doFilter(ApplicationFilterChain.java:166)\r\n	at org.springframework.web.filter.HiddenHttpMethodFilter.doFilterInternal(HiddenHttpMethodFilter.java:81)\r\n	at org.springframework.web.filter.OncePerRequestFilter.doFilter(OncePerRequestFilter.java:107)\r\n	at org.apache.catalina.core.ApplicationFilterChain.internalDoFilter(ApplicationFilterChain.java:193)\r\n	at org.apache.catalina.core.ApplicationFilterChain.doFilter(ApplicationFilterChain.java:166)\r\n	at org.springframework.web.filter.CharacterEncodingFilter.doFilterInternal(CharacterEncodingFilter.java:197)\r\n	at org.springframework.web.filter.OncePerRequestFilter.doFilter(OncePerRequestFilter.java:107)\r\n	at org.apache.catalina.core.ApplicationFilterChain.internalDoFilter(ApplicationFilterChain.java:193)\r\n	at org.apache.catalina.core.ApplicationFilterChain.doFilter(ApplicationFilterChain.java:166)\r\n	at org.apache.catalina.core.StandardWrapperValve.invoke(StandardWrapperValve.java:198)\r\n	at org.apache.catalina.core.StandardContextValve.invoke(StandardContextValve.java:96)\r\n	at org.apache.catalina.authenticator.AuthenticatorBase.invoke(AuthenticatorBase.java:478)\r\n	at org.apache.catalina.core.StandardHostValve.invoke(StandardHostValve.java:140)\r\n	at org.apache.catalina.valves.ErrorReportValve.invoke(ErrorReportValve.java:80)\r\n	at org.apache.catalina.core.StandardEngineValve.invoke(StandardEngineValve.java:87)\r\n	at org.apache.catalina.connector.CoyoteAdapter.service(CoyoteAdapter.java:342)\r\n	at org.apache.coyote.http11.Http11Processor.service(Http11Processor.java:799)\r\n	at org.apache.coyote.AbstractProcessorLight.process(AbstractProcessorLight.java:66)\r\n	at org.apache.coyote.AbstractProtocolTConnectionHandler.process(AbstractProtocol.java:861)\r\n	at org.apache.tomcat.util.net.NioEndpointTSocketProcessor.doRun(NioEndpoint.java:1455)\r\n	at org.apache.tomcat.util.net.SocketProcessorBase.run(SocketProcessorBase.java:49)\r\n	at java.util.concurrent.ThreadPoolExecutor.runWorker(ThreadPoolExecutor.java:1149)\r\n	at java.util.concurrent.ThreadPoolExecutorTWorker.run(ThreadPoolExecutor.java:624)\r\n	at org.apache.tomcat.util.threads.TaskThreadTWrappingRunnable.run(TaskThread.java:61)\r\n	at java.lang.Thread.run(Thread.java:748)\r\n');
INSERT INTO `t_system_operation_log` VALUES (979, '异常日志', '', 1, NULL, NULL, '2018-05-31 10:39:08', '失败', 'java.lang.StringIndexOutOfBoundsException: String index out of range: -5\r\n	at java.lang.String.substring(String.java:1967)\r\n	at cn.afterturn.gen.core.db.convert.sql.impl.SqlConvertOfMysql.parseSql(SqlConvertOfMysql.java:32)\r\n	at cn.afterturn.gen.modular.code.service.impl.convert.TableConvertServiceOfSqlImpl.importBean(TableConvertServiceOfSqlImpl.java:32)\r\n	at cn.afterturn.gen.modular.code.service.impl.convert.TableConvertServiceOfSqlImplTTFastClassBySpringCGLIBTT41402810.invoke(<generated>)\r\n	at org.springframework.cglib.proxy.MethodProxy.invoke(MethodProxy.java:204)\r\n	at org.springframework.aop.framework.CglibAopProxyTCglibMethodInvocation.invokeJoinpoint(CglibAopProxy.java:738)\r\n	at org.springframework.aop.framework.ReflectiveMethodInvocation.proceed(ReflectiveMethodInvocation.java:157)\r\n	at com.alibaba.druid.support.spring.stat.DruidStatInterceptor.invoke(DruidStatInterceptor.java:72)\r\n	at org.springframework.aop.framework.ReflectiveMethodInvocation.proceed(ReflectiveMethodInvocation.java:179)\r\n	at org.springframework.aop.framework.CglibAopProxyTDynamicAdvisedInterceptor.intercept(CglibAopProxy.java:673)\r\n	at cn.afterturn.gen.modular.code.service.impl.convert.TableConvertServiceOfSqlImplTTEnhancerBySpringCGLIBTT7924159d.importBean(<generated>)\r\n	at cn.afterturn.gen.modular.code.controller.TableInfoController.sqlImport(TableInfoController.java:183)\r\n	at cn.afterturn.gen.modular.code.controller.TableInfoControllerTTFastClassBySpringCGLIBTTe42a772d.invoke(<generated>)\r\n	at org.springframework.cglib.proxy.MethodProxy.invoke(MethodProxy.java:204)\r\n	at org.springframework.aop.framework.CglibAopProxyTCglibMethodInvocation.invokeJoinpoint(CglibAopProxy.java:738)\r\n	at org.springframework.aop.framework.ReflectiveMethodInvocation.proceed(ReflectiveMethodInvocation.java:157)\r\n	at org.springframework.aop.aspectj.MethodInvocationProceedingJoinPoint.proceed(MethodInvocationProceedingJoinPoint.java:85)\r\n	at cn.afterturn.gen.core.intercept.SessionTimeoutInterceptor.sessionTimeoutValidate(SessionTimeoutInterceptor.java:44)\r\n	at sun.reflect.NativeMethodAccessorImpl.invoke0(Native Method)\r\n	at sun.reflect.NativeMethodAccessorImpl.invoke(NativeMethodAccessorImpl.java:62)\r\n	at sun.reflect.DelegatingMethodAccessorImpl.invoke(DelegatingMethodAccessorImpl.java:43)\r\n	at java.lang.reflect.Method.invoke(Method.java:498)\r\n	at org.springframework.aop.aspectj.AbstractAspectJAdvice.invokeAdviceMethodWithGivenArgs(AbstractAspectJAdvice.java:629)\r\n	at org.springframework.aop.aspectj.AbstractAspectJAdvice.invokeAdviceMethod(AbstractAspectJAdvice.java:618)\r\n	at org.springframework.aop.aspectj.AspectJAroundAdvice.invoke(AspectJAroundAdvice.java:70)\r\n	at org.springframework.aop.framework.ReflectiveMethodInvocation.proceed(ReflectiveMethodInvocation.java:179)\r\n	at org.springframework.aop.aspectj.MethodInvocationProceedingJoinPoint.proceed(MethodInvocationProceedingJoinPoint.java:85)\r\n	at cn.afterturn.gen.core.intercept.SessionInterceptor.sessionKit(SessionInterceptor.java:31)\r\n	at sun.reflect.NativeMethodAccessorImpl.invoke0(Native Method)\r\n	at sun.reflect.NativeMethodAccessorImpl.invoke(NativeMethodAccessorImpl.java:62)\r\n	at sun.reflect.DelegatingMethodAccessorImpl.invoke(DelegatingMethodAccessorImpl.java:43)\r\n	at java.lang.reflect.Method.invoke(Method.java:498)\r\n	at org.springframework.aop.aspectj.AbstractAspectJAdvice.invokeAdviceMethodWithGivenArgs(AbstractAspectJAdvice.java:629)\r\n	at org.springframework.aop.aspectj.AbstractAspectJAdvice.invokeAdviceMethod(AbstractAspectJAdvice.java:618)\r\n	at org.springframework.aop.aspectj.AspectJAroundAdvice.invoke(AspectJAroundAdvice.java:70)\r\n	at org.springframework.aop.framework.ReflectiveMethodInvocation.proceed(ReflectiveMethodInvocation.java:179)\r\n	at org.springframework.aop.aspectj.MethodInvocationProceedingJoinPoint.proceed(MethodInvocationProceedingJoinPoint.java:85)\r\n	at cn.afterturn.gen.core.aop.PermissionAop.doPermission(PermissionAop.java:48)\r\n	at sun.reflect.NativeMethodAccessorImpl.invoke0(Native Method)\r\n	at sun.reflect.NativeMethodAccessorImpl.invoke(NativeMethodAccessorImpl.java:62)\r\n	at sun.reflect.DelegatingMethodAccessorImpl.invoke(DelegatingMethodAccessorImpl.java:43)\r\n	at java.lang.reflect.Method.invoke(Method.java:498)\r\n	at org.springframework.aop.aspectj.AbstractAspectJAdvice.invokeAdviceMethodWithGivenArgs(AbstractAspectJAdvice.java:629)\r\n	at org.springframework.aop.aspectj.AbstractAspectJAdvice.invokeAdviceMethod(AbstractAspectJAdvice.java:618)\r\n	at org.springframework.aop.aspectj.AspectJAroundAdvice.invoke(AspectJAroundAdvice.java:70)\r\n	at org.springframework.aop.framework.ReflectiveMethodInvocation.proceed(ReflectiveMethodInvocation.java:168)\r\n	at org.springframework.aop.aspectj.MethodInvocationProceedingJoinPoint.proceed(MethodInvocationProceedingJoinPoint.java:85)\r\n	at cn.afterturn.gen.core.aop.LogAop.recordSysLog(LogAop.java:47)\r\n	at sun.reflect.NativeMethodAccessorImpl.invoke0(Native Method)\r\n	at sun.reflect.NativeMethodAccessorImpl.invoke(NativeMethodAccessorImpl.java:62)\r\n	at sun.reflect.DelegatingMethodAccessorImpl.invoke(DelegatingMethodAccessorImpl.java:43)\r\n	at java.lang.reflect.Method.invoke(Method.java:498)\r\n	at org.springframework.aop.aspectj.AbstractAspectJAdvice.invokeAdviceMethodWithGivenArgs(AbstractAspectJAdvice.java:629)\r\n	at org.springframework.aop.aspectj.AbstractAspectJAdvice.invokeAdviceMethod(AbstractAspectJAdvice.java:618)\r\n	at org.springframework.aop.aspectj.AspectJAroundAdvice.invoke(AspectJAroundAdvice.java:70)\r\n	at org.springframework.aop.framework.ReflectiveMethodInvocation.proceed(ReflectiveMethodInvocation.java:168)\r\n	at org.springframework.aop.interceptor.ExposeInvocationInterceptor.invoke(ExposeInvocationInterceptor.java:92)\r\n	at org.springframework.aop.framework.ReflectiveMethodInvocation.proceed(ReflectiveMethodInvocation.java:179)\r\n	at org.springframework.aop.framework.CglibAopProxyTDynamicAdvisedInterceptor.intercept(CglibAopProxy.java:673)\r\n	at cn.afterturn.gen.modular.code.controller.TableInfoControllerTTEnhancerBySpringCGLIBTT2dbf3716.sqlImport(<generated>)\r\n	at sun.reflect.NativeMethodAccessorImpl.invoke0(Native Method)\r\n	at sun.reflect.NativeMethodAccessorImpl.invoke(NativeMethodAccessorImpl.java:62)\r\n	at sun.reflect.DelegatingMethodAccessorImpl.invoke(DelegatingMethodAccessorImpl.java:43)\r\n	at java.lang.reflect.Method.invoke(Method.java:498)\r\n	at org.springframework.web.method.support.InvocableHandlerMethod.doInvoke(InvocableHandlerMethod.java:205)\r\n	at org.springframework.web.method.support.InvocableHandlerMethod.invokeForRequest(InvocableHandlerMethod.java:133)\r\n	at org.springframework.web.servlet.mvc.method.annotation.ServletInvocableHandlerMethod.invokeAndHandle(ServletInvocableHandlerMethod.java:97)\r\n	at org.springframework.web.servlet.mvc.method.annotation.RequestMappingHandlerAdapter.invokeHandlerMethod(RequestMappingHandlerAdapter.java:827)\r\n	at org.springframework.web.servlet.mvc.method.annotation.RequestMappingHandlerAdapter.handleInternal(RequestMappingHandlerAdapter.java:738)\r\n	at org.springframework.web.servlet.mvc.method.AbstractHandlerMethodAdapter.handle(AbstractHandlerMethodAdapter.java:85)\r\n	at org.springframework.web.servlet.DispatcherServlet.doDispatch(DispatcherServlet.java:963)\r\n	at org.springframework.web.servlet.DispatcherServlet.doService(DispatcherServlet.java:897)\r\n	at org.springframework.web.servlet.FrameworkServlet.processRequest(FrameworkServlet.java:970)\r\n	at org.springframework.web.servlet.FrameworkServlet.doPost(FrameworkServlet.java:872)\r\n	at javax.servlet.http.HttpServlet.service(HttpServlet.java:661)\r\n	at org.springframework.web.servlet.FrameworkServlet.service(FrameworkServlet.java:846)\r\n	at javax.servlet.http.HttpServlet.service(HttpServlet.java:742)\r\n	at org.apache.catalina.core.ApplicationFilterChain.internalDoFilter(ApplicationFilterChain.java:231)\r\n	at org.apache.catalina.core.ApplicationFilterChain.doFilter(ApplicationFilterChain.java:166)\r\n	at org.apache.tomcat.websocket.server.WsFilter.doFilter(WsFilter.java:52)\r\n	at org.apache.catalina.core.ApplicationFilterChain.internalDoFilter(ApplicationFilterChain.java:193)\r\n	at org.apache.catalina.core.ApplicationFilterChain.doFilter(ApplicationFilterChain.java:166)\r\n	at org.apache.shiro.web.servlet.ProxiedFilterChain.doFilter(ProxiedFilterChain.java:61)\r\n	at org.apache.shiro.web.servlet.AdviceFilter.executeChain(AdviceFilter.java:108)\r\n	at org.apache.shiro.web.servlet.AdviceFilter.doFilterInternal(AdviceFilter.java:137)\r\n	at org.apache.shiro.web.servlet.OncePerRequestFilter.doFilter(OncePerRequestFilter.java:125)\r\n	at org.apache.shiro.web.servlet.ProxiedFilterChain.doFilter(ProxiedFilterChain.java:66)\r\n	at org.apache.shiro.web.servlet.AbstractShiroFilter.executeChain(AbstractShiroFilter.java:449)\r\n	at org.apache.shiro.web.servlet.AbstractShiroFilterT1.call(AbstractShiroFilter.java:365)\r\n	at org.apache.shiro.subject.support.SubjectCallable.doCall(SubjectCallable.java:90)\r\n	at org.apache.shiro.subject.support.SubjectCallable.call(SubjectCallable.java:83)\r\n	at org.apache.shiro.subject.support.DelegatingSubject.execute(DelegatingSubject.java:387)\r\n	at org.apache.shiro.web.servlet.AbstractShiroFilter.doFilterInternal(AbstractShiroFilter.java:362)\r\n	at org.apache.shiro.web.servlet.OncePerRequestFilter.doFilter(OncePerRequestFilter.java:125)\r\n	at org.apache.catalina.core.ApplicationFilterChain.internalDoFilter(ApplicationFilterChain.java:193)\r\n	at org.apache.catalina.core.ApplicationFilterChain.doFilter(ApplicationFilterChain.java:166)\r\n	at cn.afterturn.gen.core.xss.XssFilter.doFilter(XssFilter.java:37)\r\n	at org.apache.catalina.core.ApplicationFilterChain.internalDoFilter(ApplicationFilterChain.java:193)\r\n	at org.apache.catalina.core.ApplicationFilterChain.doFilter(ApplicationFilterChain.java:166)\r\n	at com.alibaba.druid.support.http.WebStatFilter.doFilter(WebStatFilter.java:123)\r\n	at org.apache.catalina.core.ApplicationFilterChain.internalDoFilter(ApplicationFilterChain.java:193)\r\n	at org.apache.catalina.core.ApplicationFilterChain.doFilter(ApplicationFilterChain.java:166)\r\n	at org.springframework.web.filter.RequestContextFilter.doFilterInternal(RequestContextFilter.java:99)\r\n	at org.springframework.web.filter.OncePerRequestFilter.doFilter(OncePerRequestFilter.java:107)\r\n	at org.apache.catalina.core.ApplicationFilterChain.internalDoFilter(ApplicationFilterChain.java:193)\r\n	at org.apache.catalina.core.ApplicationFilterChain.doFilter(ApplicationFilterChain.java:166)\r\n	at org.springframework.web.filter.HttpPutFormContentFilter.doFilterInternal(HttpPutFormContentFilter.java:105)\r\n	at org.springframework.web.filter.OncePerRequestFilter.doFilter(OncePerRequestFilter.java:107)\r\n	at org.apache.catalina.core.ApplicationFilterChain.internalDoFilter(ApplicationFilterChain.java:193)\r\n	at org.apache.catalina.core.ApplicationFilterChain.doFilter(ApplicationFilterChain.java:166)\r\n	at org.springframework.web.filter.HiddenHttpMethodFilter.doFilterInternal(HiddenHttpMethodFilter.java:81)\r\n	at org.springframework.web.filter.OncePerRequestFilter.doFilter(OncePerRequestFilter.java:107)\r\n	at org.apache.catalina.core.ApplicationFilterChain.internalDoFilter(ApplicationFilterChain.java:193)\r\n	at org.apache.catalina.core.ApplicationFilterChain.doFilter(ApplicationFilterChain.java:166)\r\n	at org.springframework.web.filter.CharacterEncodingFilter.doFilterInternal(CharacterEncodingFilter.java:197)\r\n	at org.springframework.web.filter.OncePerRequestFilter.doFilter(OncePerRequestFilter.java:107)\r\n	at org.apache.catalina.core.ApplicationFilterChain.internalDoFilter(ApplicationFilterChain.java:193)\r\n	at org.apache.catalina.core.ApplicationFilterChain.doFilter(ApplicationFilterChain.java:166)\r\n	at org.apache.catalina.core.StandardWrapperValve.invoke(StandardWrapperValve.java:198)\r\n	at org.apache.catalina.core.StandardContextValve.invoke(StandardContextValve.java:96)\r\n	at org.apache.catalina.authenticator.AuthenticatorBase.invoke(AuthenticatorBase.java:478)\r\n	at org.apache.catalina.core.StandardHostValve.invoke(StandardHostValve.java:140)\r\n	at org.apache.catalina.valves.ErrorReportValve.invoke(ErrorReportValve.java:80)\r\n	at org.apache.catalina.core.StandardEngineValve.invoke(StandardEngineValve.java:87)\r\n	at org.apache.catalina.connector.CoyoteAdapter.service(CoyoteAdapter.java:342)\r\n	at org.apache.coyote.http11.Http11Processor.service(Http11Processor.java:799)\r\n	at org.apache.coyote.AbstractProcessorLight.process(AbstractProcessorLight.java:66)\r\n	at org.apache.coyote.AbstractProtocolTConnectionHandler.process(AbstractProtocol.java:861)\r\n	at org.apache.tomcat.util.net.NioEndpointTSocketProcessor.doRun(NioEndpoint.java:1455)\r\n	at org.apache.tomcat.util.net.SocketProcessorBase.run(SocketProcessorBase.java:49)\r\n	at java.util.concurrent.ThreadPoolExecutor.runWorker(ThreadPoolExecutor.java:1149)\r\n	at java.util.concurrent.ThreadPoolExecutorTWorker.run(ThreadPoolExecutor.java:624)\r\n	at org.apache.tomcat.util.threads.TaskThreadTWrappingRunnable.run(TaskThread.java:61)\r\n	at java.lang.Thread.run(Thread.java:748)\r\n');
INSERT INTO `t_system_operation_log` VALUES (980, '业务日志', 'DB导入', 1, 'cn.afterturn.gen.modular.code.controller.TableInfoController', 'dbImport', '2018-05-31 10:39:24', '成功', 'null=js_gen_table_column');

SET FOREIGN_KEY_CHECKS = 1;
